0.5, 0, 0, 0, 0, 0, 0
-8.67362e-19, -2.77556e-17, 6.50521e-19, 1, 1.11022e-16, 5.55112e-17, 0
0.00730741, -0.0012314, -0.00939019, 0.999928, 3.10434e-05, -0.00105857, -0.000184334
0.0159032, -0.00259958, -0.0202573, 0.999665, 0.000146651, -0.00225211, -0.000357319
0.0256505, -0.00425957, -0.0327131, 0.999126, 0.000210276, -0.00376332, -0.000685357
0.0367689, -0.00605376, -0.0465651, 0.99822, 0.000241074, -0.00533725, -0.00105078
0.0489919, -0.00814401, -0.0617796, 0.996853, 0.000149565, -0.00726709, -0.00145791
0.0625888, -0.0103503, -0.0784712, 0.994896, 4.10344e-05, -0.00943065, -0.00195046
0.0775364, -0.0129196, -0.0967154, 0.992203, 7.86114e-05, -0.0119537, -0.00242163
0.0936106, -0.0155367, -0.116059, 0.988699, -0.000193516, -0.0148673, -0.00312166
0.111033, -0.018408, -0.136671, 0.984202, -0.000642285, -0.0178414, -0.00395887
0.129901, -0.021463, -0.158527, 0.978537, -0.00143721, -0.021189, -0.005113
0.150118, -0.0247198, -0.181537, 0.971544, -0.00215401, -0.0248026, -0.00621718
0.17147, -0.0278578, -0.20556, 0.963103, -0.00328494, -0.0287775, -0.00771683
0.19416, -0.0312266, -0.230567, 0.952977, -0.00489689, -0.0329758, -0.0098141
0.218433, -0.0346448, -0.256717, 0.940842, -0.0068069, -0.0374682, -0.012201
0.243466, -0.0381322, -0.283161, 0.926871, -0.00880771, -0.0422511, -0.0146393
0.269936, -0.041584, -0.310572, 0.910467, -0.0114108, -0.0473118, -0.0178032
0.297116, -0.0451067, -0.337988, 0.891881, -0.0144112, -0.0525074, -0.02145
0.324784, -0.0481853, -0.365249, 0.871084, -0.0177323, -0.0578064, -0.0255278
0.35221, -0.0511731, -0.391364, 0.848625, -0.0213828, -0.0629127, -0.0299766
0.379188, -0.0538727, -0.416421, 0.824565, -0.0252774, -0.067785, -0.0348275
0.405661, -0.0561556, -0.440304, 0.79901, -0.0293728, -0.0724842, -0.0399662
0.431749, -0.0582008, -0.463127, 0.771828, -0.0337918, -0.0772009, -0.0455442
0.457332, -0.0597647, -0.48489, 0.743073, -0.0382161, -0.0815853, -0.0516066
0.482262, -0.0609083, -0.505354, 0.712973, -0.0429127, -0.0854969, -0.0578742
0.506584, -0.0616841, -0.524477, 0.681536, -0.0477755, -0.0890623, -0.0645743
0.530123, -0.0620301, -0.542345, 0.648832, -0.0528349, -0.0922542, -0.0716547
0.552967, -0.0619638, -0.559014, 0.614729, -0.0578506, -0.0950962, -0.0789418
0.575089, -0.0614543, -0.574291, 0.579384, -0.0628984, -0.0976212, -0.0866273
0.59608, -0.0604252, -0.588216, 0.543175, -0.0679578, -0.0995528, -0.0945107
0.616207, -0.0588145, -0.600774, 0.505866, -0.0730879, -0.100821, -0.102656
0.635355, -0.0570207, -0.61173, 0.467823, -0.0778763, -0.102014, -0.110722
0.652822, -0.0545778, -0.621245, 0.429999, -0.0824123, -0.102582, -0.118951
0.668682, -0.0517846, -0.62901, 0.393103, -0.0868225, -0.102577, -0.126733
0.68359, -0.0485729, -0.635656, 0.355368, -0.0910824, -0.102266, -0.134829
0.697512, -0.0448517, -0.641523, 0.316091, -0.0957384, -0.101235, -0.143242
0.710668, -0.0407465, -0.646126, 0.27534, -0.0999221, -0.0997046, -0.151301
0.722712, -0.0361521, -0.649741, 0.232846, -0.104433, -0.0972798, -0.1597
0.733416, -0.0312053, -0.652158, 0.189252, -0.108444, -0.0943264, -0.167519
0.742563, -0.0260164, -0.653291, 0.145375, -0.112517, -0.0905445, -0.175331
0.750029, -0.0208455, -0.653111, 0.102312, -0.116261, -0.0862139, -0.182515
0.755513, -0.0159467, -0.652093, 0.0609973, -0.119999, -0.0813173, -0.188858
0.75928, -0.011365, -0.650297, 0.0218742, -0.123324, -0.0760748, -0.194188
0.761405, -0.00763498, -0.648095, -0.0133068, -0.126304, -0.0706749, -0.198269
0.762076, -0.00477107, -0.645883, -0.0453033, -0.129194, -0.0649077, -0.20121
0.761797, -0.0028051, -0.643609, -0.0736538, -0.131963, -0.0591959, -0.20315
0.760568, -0.00172693, -0.641609, -0.0993532, -0.134261, -0.0536072, -0.204005
0.758599, -0.0014049, -0.639838, -0.123013, -0.136853, -0.0476165, -0.204219
0.756197, -0.00154492, -0.637616, -0.147001, -0.139332, -0.041355, -0.203966
0.753396, -0.00172281, -0.634548, -0.172454, -0.142002, -0.034526, -0.203833
0.749968, -0.00216949, -0.630618, -0.199658, -0.144471, -0.0270088, -0.20331
0.745746, -0.00251324, -0.625765, -0.228636, -0.147001, -0.0190072, -0.202667
0.740831, -0.00292559, -0.619608, -0.25932, -0.149434, -0.0102245, -0.20186
0.735244, -0.0035626, -0.611919, -0.291478, -0.151876, -0.000924707, -0.201253
0.728528, -0.00426439, -0.602897, -0.325183, -0.153987, 0.00891249, -0.200179
0.720859, -0.00483542, -0.592007, -0.360371, -0.155959, 0.0191722, -0.198674
0.712267, -0.00562048, -0.579249, -0.396378, -0.157435, 0.0303382, -0.197386
0.702371, -0.0063285, -0.564339, -0.433771, -0.15864, 0.0418255, -0.195524
0.691462, -0.00701179, -0.547254, -0.471534, -0.159313, 0.0537966, -0.193379
-0.679454, 0.0078264, 0.528629, 0.508756, -0.159549, 0.0656778, -0.190857
-0.666853, 0.00813528, 0.508085, 0.54506, -0.159424, 0.0774437, -0.188468
-0.653472, 0.00858318, 0.486201, 0.580094, -0.158681, 0.0889191, -0.185744
-0.639195, 0.00856726, 0.463171, 0.613864, -0.157647, 0.100186, -0.182669
-0.624659, 0.00859317, 0.438294, 0.64624, -0.156066, 0.111383, -0.179749
-0.609171, 0.0082181, 0.412432, 0.677306, -0.154133, 0.121993, -0.176489
-0.593092, 0.00736885, 0.385196, 0.706973, -0.151845, 0.132377, -0.173004
-0.576514, 0.00636878, 0.356937, 0.734975, -0.149172, 0.142559, -0.16952
-0.559327, 0.00483038, 0.327397, 0.761539, -0.146196, 0.152187, -0.16583
-0.541457, 0.00328173, 0.297149, 0.786458, -0.142963, 0.161526, -0.161938
-0.52321, 0.000882387, 0.265695, 0.809727, -0.139647, 0.169996, -0.158049
-0.504631, -0.00168837, 0.233388, 0.831189, -0.13622, 0.178098, -0.153989
-0.485391, -0.0045163, 0.200637, 0.850953, -0.132604, 0.185818, -0.149935
-0.466016, -0.00827943, 0.167517, 0.868734, -0.129176, 0.193099, -0.146057
-0.446651, -0.0119749, 0.134184, 0.884508, -0.125508, 0.199572, -0.142086
-0.427366, -0.0164719, 0.101588, 0.898202, -0.122155, 0.20538, -0.138111
-0.408956, -0.020885, 0.0700632, 0.909621, -0.11884, 0.210602, -0.134339
-0.390524, -0.0257897, 0.0393736, 0.919389, -0.115778, 0.215352, -0.130689
-0.373283, -0.0305907, 0.0106562, 0.927152, -0.112882, 0.219464, -0.127235
-0.356871, -0.0355414, -0.0163441, 0.933334, -0.110328, 0.223354, -0.124174
-0.341609, -0.0405355, -0.0416218, 0.938045, -0.108009, 0.226253, -0.121384
-0.327234, -0.0453659, -0.064684, 0.941635, -0.105955, 0.229132, -0.118613
-0.31411, -0.0499711, -0.0855872, 0.9442, -0.104314, 0.231298, -0.116274
-0.302527, -0.0539353, -0.103996, 0.945914, -0.102771, 0.23331, -0.113923
-0.29228, -0.057685, -0.1203, 0.946981, -0.1016, 0.234969, -0.1122
-0.283528, -0.0611139, -0.13436, 0.947536, -0.100485, 0.236223, -0.110718
-0.276175, -0.0639379, -0.145921, 0.947811, -0.0997759, 0.237493, -0.109396
-0.270383, -0.0659985, -0.155277, 0.947853, -0.0991441, 0.238296, -0.108411
-0.265993, -0.0676052, -0.16253, 0.947767, -0.0987988, 0.238643, -0.107805
-0.263363, -0.0685269, -0.167538, 0.947563, -0.0986721, 0.238915, -0.107942
-0.262334, -0.0687508, -0.170641, 0.947278, -0.0986232, 0.238761, -0.108145
-0.262735, -0.0679823, -0.171538, 0.947061, -0.0989328, 0.238577, -0.108686
-0.264531, -0.066691, -0.170622, 0.946818, -0.0993866, 0.237839, -0.109588
-0.267889, -0.0648815, -0.167814, 0.946501, -0.100083, 0.236934, -0.11118
-0.272657, -0.0621218, -0.163073, 0.946153, -0.100931, 0.235808, -0.113054
-0.278873, -0.0585896, -0.156563, 0.945666, -0.102123, 0.234207, -0.115405
-0.286571, -0.0541833, -0.148498, 0.944928, -0.103333, 0.232282, -0.118305
-0.295556, -0.0493249, -0.138825, 0.943897, -0.104731, 0.230161, -0.121669
-0.305508, -0.0436131, -0.127375, 0.942623, -0.106377, 0.227659, -0.125295
-0.31688, -0.0373426, -0.114489, 0.940789, -0.108302, 0.224934, -0.129649
-0.329358, -0.0304592, -0.10024, 0.938375, -0.110389, 0.221933, -0.134696
-0.342814, -0.0223523, -0.0841916, 0.935356, -0.112837, 0.218242, -0.140088
-0.357574, -0.0141175, -0.0666226, 0.931399, -0.115374, 0.214388, -0.146276
-0.372994, -0.00487899, -0.0476925, 0.926594, -0.117943, 0.210208, -0.152742
-0.389335, 0.00494727, -0.0272392, 0.92068, -0.120882, 0.205803, -0.16004
-0.406634, 0.0154306, -0.00487534, 0.913448, -0.123964, 0.200918, -0.167687
-0.424476, 0.0264898, 0.0190784, 0.904851, -0.127402, 0.195608, -0.176121
-0.442859, 0.0384048, 0.0444373, 0.894666, -0.130695, 0.190065, -0.184944
-0.461948, 0.0506262, 0.071154, 0.882597, -0.134322, 0.184251, -0.194493
-0.481441, 0.0635986, 0.0999804, 0.868432, -0.138113, 0.177774, -0.204295
-0.500971, 0.0768733, 0.129797, 0.852216, -0.142038, 0.17105, -0.214614
-0.520599, 0.0907173, 0.161136, 0.833536, -0.146088, 0.164002, -0.225774
-0.540159, 0.104913, 0.193672, 0.812227, -0.150155, 0.156494, -0.236822
-0.558861, 0.118904, 0.226484, 0.788822, -0.154249, 0.149141, -0.247979
-0.576517, 0.132542, 0.258815, 0.763594, -0.158009, 0.141641, -0.258812
-0.592825, 0.145853, 0.290831, 0.736684, -0.161921, 0.134174, -0.269337
-0.607914, 0.158623, 0.32207, 0.708202, -0.165274, 0.127113, -0.279541
-0.62174, 0.170992, 0.352711, 0.678082, -0.168598, 0.120027, -0.289522
-0.634364, 0.183054, 0.382694, 0.646234, -0.171673, 0.113025, -0.298826
-0.645635, 0.194358, 0.411871, 0.612979, -0.174146, 0.106402, -0.307607
-0.655436, 0.205452, 0.440155, 0.578322, -0.176907, 0.100037, -0.316166
-0.664011, 0.215818, 0.467274, 0.542371, -0.178945, 0.0938801, -0.323953
-0.671268, 0.22576, 0.493275, 0.505085, -0.180726, 0.0881671, -0.33145
0.677103, -0.235046, -0.518277, -0.466555, -0.182053, 0.0825902, -0.338166
0.681574, -0.243834, -0.541861, -0.427069, -0.182861, 0.0777265, -0.344245
0.684592, -0.251967, -0.56417, -0.386728, -0.18343, 0.0731572, -0.349854
0.686267, -0.259761, -0.585119, -0.345248, -0.183483, 0.0689804, -0.354798
0.686546, -0.266819, -0.604653, -0.303078, -0.18311, 0.065481, -0.359193
0.685463, -0.273595, -0.622583, -0.260147, -0.182371, 0.0623056, -0.362898
0.68293, -0.279589, -0.63912, -0.216708, -0.181384, 0.059945, -0.366339
0.67896, -0.285188, -0.654073, -0.172827, -0.180153, 0.0582702, -0.369209
0.673727, -0.290354, -0.667306, -0.128411, -0.178377, 0.0566625, -0.371266
-0.667012, 0.294831, 0.679103, 0.0835948, -0.176338, 0.056516, -0.373062
-0.658927, 0.299041, 0.689115, 0.0388793, -0.174148, 0.0564172, -0.374243
-0.649506, 0.302972, 0.697363, -0.00592089, -0.171802, 0.056637, -0.374693
-0.63892, 0.306133, 0.703914, -0.0506847, -0.168755, 0.0582628, -0.374795
-0.626868, 0.309165, 0.708772, -0.0953695, -0.165801, 0.0601803, -0.374228
-0.613602, 0.311595, 0.711965, -0.13967, -0.16273, 0.063053, -0.373671
-0.59913, 0.313786, 0.713371, -0.183528, -0.159281, 0.0661391, -0.372481
-0.583419, 0.315401, 0.713181, -0.226975, -0.155787, 0.0704423, -0.370932
-0.5665, 0.31683, 0.711261, -0.269823, -0.152127, 0.0751052, -0.369042
-0.548297, 0.318049, 0.707733, -0.311977, -0.148541, 0.080021, -0.36673
-0.529084, 0.318802, 0.702593, -0.353268, -0.145127, 0.0860051, -0.364168
-0.508737, 0.319343, 0.695893, -0.393623, -0.141733, 0.0920816, -0.36146
-0.487327, 0.319532, 0.687657, -0.433058, -0.138267, 0.0990974, -0.35833
-0.464644, 0.319453, 0.678252, -0.471201, -0.135527, 0.106134, -0.355639
0.441257, -0.319176, -0.667089, 0.508342, -0.13215, 0.113911, -0.352075
0.416896, -0.318695, -0.654707, 0.544049, -0.129364, 0.121914, -0.348573
0.391738, -0.317801, -0.641126, 0.57836, -0.126878, 0.130312, -0.345255
0.36546, -0.316865, -0.62619, 0.611492, -0.124424, 0.138787, -0.341519
0.33842, -0.315597, -0.610072, 0.643181, -0.122398, 0.147763, -0.337811
0.310599, -0.314142, -0.592883, 0.6733, -0.120706, 0.156592, -0.333944
0.28247, -0.312466, -0.574561, 0.701752, -0.11874, 0.166024, -0.329976
0.253006, -0.310554, -0.555257, 0.728858, -0.117519, 0.175296, -0.325982
0.223294, -0.308509, -0.535094, 0.75408, -0.116372, 0.184656, -0.321727
0.193216, -0.306159, -0.514235, 0.777494, -0.115695, 0.194112, -0.317777
0.162628, -0.303779, -0.492789, 0.799018, -0.115583, 0.203095, -0.313896
0.131727, -0.300988, -0.470399, 0.819011, -0.115575, 0.212159, -0.310125
0.100059, -0.298058, -0.447584, 0.837148, -0.115858, 0.220517, -0.306254
0.068103, -0.294732, -0.424284, 0.853509, -0.116598, 0.228708, -0.302394
0.036023, -0.291399, -0.400811, 0.867836, -0.117463, 0.236068, -0.298453
0.00387035, -0.287867, -0.377055, 0.880311, -0.11858, 0.243034, -0.294505
-0.028606, -0.284041, -0.352888, 0.891051, -0.119746, 0.24962, -0.290621
-0.0613225, -0.279992, -0.328512, 0.899958, -0.121063, 0.255444, -0.286676
-0.0939067, -0.275487, -0.304028, 0.907114, -0.122989, 0.260837, -0.283102
-0.126398, -0.270838, -0.279662, 0.912392, -0.124721, 0.265038, -0.279243
-0.158799, -0.265707, -0.255267, 0.915981, -0.126669, 0.268973, -0.275616
-0.191225, -0.260052, -0.230962, 0.917858, -0.12867, 0.272108, -0.27195
-0.223577, -0.254155, -0.206896, 0.917939, -0.130567, 0.274232, -0.268127
-0.255254, -0.247981, -0.183126, 0.916414, -0.132456, 0.275927, -0.264291
-0.286668, -0.241387, -0.159787, 0.913248, -0.134536, 0.276336, -0.260683
-0.316677, -0.23432, -0.137226, 0.908834, -0.136633, 0.276027, -0.257227
-0.345274, -0.227627, -0.116144, 0.903041, -0.138267, 0.27477, -0.253839
-0.371576, -0.220852, -0.0965802, 0.896565, -0.139675, 0.273213, -0.250506
-0.396388, -0.213856, -0.0780866, 0.889407, -0.140942, 0.27081, -0.247036
-0.419903, -0.207108, -0.0605488, 0.881545, -0.141955, 0.268127, -0.243905
-0.441308, -0.200579, -0.0447935, 0.873504, -0.142739, 0.265136, -0.240895
-0.461185, -0.19394, -0.0303249, 0.865319, -0.143303, 0.262117, -0.237847
-0.479507, -0.187688, -0.0167004, 0.857069, -0.14382, 0.258725, -0.235119
-0.49622, -0.18155, -0.00427959, 0.848992, -0.144256, 0.255189, -0.232524
-0.511649, -0.175847, 0.00719035, 0.840977, -0.144568, 0.251817, -0.230173
-0.525359, -0.170126, 0.0175378, 0.833515, -0.144685, 0.24845, -0.227728
-0.538112, -0.164791, 0.0269983, 0.826166, -0.144879, 0.244839, -0.226672
-0.549254, -0.159892, 0.0354069, 0.819451, -0.144797, 0.24165, -0.22453
-0.559191, -0.155539, 0.0427842, 0.813193, -0.144784, 0.238743, -0.222832
-0.567962, -0.151752, 0.0491678, 0.807448, -0.144636, 0.235911, -0.221325
-0.575282, -0.148228, 0.0550609, 0.802526, -0.144493, 0.233752, -0.219709
-0.581542, -0.145026, 0.0596539, 0.798259, -0.144392, 0.231732, -0.218428
-0.586832, -0.14289, 0.0635035, 0.794467, -0.144286, 0.229681, -0.217785
-0.590519, -0.140614, 0.0667039, 0.791875, -0.144458, 0.227962, -0.216546
-0.591907, -0.138578, 0.0698117, 0.790929, -0.145223, 0.227038, -0.214334
-0.590671, -0.13699, 0.072611, 0.791877, -0.147074, 0.225675, -0.211409
-0.586272, -0.135611, 0.0760232, 0.795057, -0.150607, 0.223413, -0.206846
-0.578774, -0.133511, 0.0805106, 0.800446, -0.155488, 0.220837, -0.199622
-0.569038, -0.130807, 0.0856674, 0.807308, -0.161505, 0.217107, -0.190449
-0.556956, -0.127909, 0.0922467, 0.815432, -0.168892, 0.212332, -0.179821
-0.542632, -0.124044, 0.0995672, 0.824773, -0.177058, 0.205861, -0.167044
-0.52567, -0.119693, 0.108204, 0.835246, -0.186144, 0.198209, -0.151813
-0.506165, -0.114527, 0.117788, 0.846644, -0.195807, 0.188664, -0.135634
-0.483944, -0.108697, 0.12823, 0.858802, -0.205871, 0.177068, -0.117892
-0.458713, -0.10218, 0.139633, 0.871576, -0.216108, 0.162738, -0.0986704
-0.430612, -0.0945486, 0.151844, 0.884634, -0.226172, 0.145732, -0.0783073
-0.399449, -0.0861047, 0.164396, 0.897775, -0.23574, 0.125767, -0.0571952
-0.365011, -0.0765264, 0.177555, 0.910706, -0.244516, 0.102386, -0.0356474
-0.327397, -0.0658686, 0.190954, 0.923043, -0.252002, 0.0753762, -0.0140886
-0.286374, -0.054278, 0.204472, 0.93447, -0.257916, 0.0445405, 0.00691023
-0.241881, -0.0411886, 0.218094, 0.94458, -0.262067, 0.00946371, 0.0266809
-0.194046, -0.0265953, 0.231298, 0.952964, -0.263885, -0.0294887, 0.0445205
-0.144769, -0.0107117, 0.244065, 0.958832, -0.26306, -0.0718955, 0.0592511
-0.0971005, 0.00483923, 0.254936, 0.962058, -0.259939, -0.113545, 0.0695522
-0.0523576, 0.0199157, 0.263474, 0.963039, -0.255004, -0.152771, 0.0758487
-0.0105251, 0.034947, 0.270324, 0.962077, -0.248802, -0.189788, 0.0787483
0.0287184, 0.0493364, 0.276221, 0.959397, -0.241733, -0.225501, 0.0788187
0.0651804, 0.0629919, 0.280695, 0.955507, -0.234269, -0.258431, 0.0762245
0.0982815, 0.0758308, 0.284019, 0.950749, -0.226541, -0.288364, 0.0719296
0.128412, 0.0879611, 0.286278, 0.94542, -0.218802, -0.315707, 0.0666632
0.155798, 0.0995613, 0.288147, 0.939567, -0.21108, -0.340663, 0.060387
0.18029, 0.109862, 0.289373, 0.933643, -0.204037, -0.362665, 0.0531385
0.201728, 0.11931, 0.290109, 0.927851, -0.197612, -0.381923, 0.04606
0.219429, 0.127969, 0.290662, 0.922492, -0.191988, -0.397929, 0.0398374
0.2329, 0.136103, 0.291562, 0.917728, -0.187511, -0.410044, 0.0350887
0.241835, 0.143422, 0.292766, 0.913911, -0.184793, -0.417985, 0.0317601
0.246143, 0.15037, 0.294665, 0.911029, -0.18311, -0.421727, 0.0310561
0.245911, 0.156102, 0.297423, 0.90923, -0.182719, -0.42113, 0.0329016
0.241598, 0.16113, 0.300797, 0.908399, -0.183436, -0.416691, 0.037208
0.233522, 0.16565, 0.304987, 0.908301, -0.184815, -0.408851, 0.0432811
0.222599, 0.170537, 0.309833, 0.908499, -0.186862, -0.398194, 0.0509849
0.209338, 0.175529, 0.315569, 0.908726, -0.189408, -0.385253, 0.0595675
0.194641, 0.181262, 0.322286, 0.90851, -0.191862, -0.370377, 0.0687063
0.178691, 0.188041, 0.33016, 0.907582, -0.193919, -0.354178, 0.0784581
0.161772, 0.1961, 0.338832, 0.905852, -0.195505, -0.336469, 0.0887815
0.144052, 0.205303, 0.349098, 0.902901, -0.196445, -0.316957, 0.099405
0.125722, 0.215663, 0.360544, 0.898716, -0.196905, -0.295737, 0.11007
0.10689, 0.227324, 0.373408, 0.893009, -0.196418, -0.273288, 0.12069
0.0879871, 0.240306, 0.387768, 0.885521, -0.194937, -0.249685, 0.131361
0.0694637, 0.25506, 0.403687, 0.875875, -0.192217, -0.224472, 0.141652
0.0520941, 0.270379, 0.420432, 0.864534, -0.188512, -0.198618, 0.150982
0.0369753, 0.284895, 0.436701, 0.852502, -0.184087, -0.174583, 0.158732
0.0246483, 0.29882, 0.452741, 0.839717, -0.178955, -0.152942, 0.165106
0.0143193, 0.311867, 0.468033, 0.826728, -0.173726, -0.132859, 0.170403
0.00580269, 0.324012, 0.482628, 0.813666, -0.168622, -0.113846, 0.174304
-0.00104921, 0.335214, 0.496064, 0.800969, -0.162968, -0.0968743, 0.17774
-0.00622378, 0.34541, 0.508804, 0.788525, -0.157517, -0.0819544, 0.180491
-0.0102438, 0.354468, 0.520328, 0.776856, -0.152231, -0.0683231, 0.182652
-0.0135856, 0.362531, 0.530761, 0.76595, -0.147485, -0.0558816, 0.184044
-0.0158668, 0.36924, 0.539934, 0.756229, -0.143127, -0.0454367, 0.185301
-0.0174161, 0.375232, 0.547853, 0.747499, -0.139368, -0.0364637, 0.186216
-0.0188097, 0.37985, 0.554201, 0.74042, -0.136343, -0.0288843, 0.187045
-0.0202287, 0.383711, 0.558909, 0.734832, -0.13466, -0.0219825, 0.187476
-0.021387, 0.386536, 0.562133, 0.730848, -0.133514, -0.0168159, 0.188178
-0.0229808, 0.388343, 0.563801, 0.728553, -0.133789, -0.012646, 0.189212
-0.0249265, 0.389483, 0.563811, 0.727873, -0.134952, -0.00912133, 0.190278
-0.0275567, 0.389668, 0.56239, 0.728778, -0.137458, -0.00604972, 0.191642
-0.0306535, 0.389368, 0.559238, 0.731235, -0.141214, -0.00348729, 0.193094
-0.0342179, 0.388227, 0.554778, 0.735071, -0.146239, -0.0013318, 0.195078
-0.0384957, 0.386643, 0.548758, 0.740196, -0.152451, 0.00066183, 0.197209
-0.043546, 0.383914, 0.541093, 0.746949, -0.159784, 0.00265001, 0.199972
-0.0489502, 0.380987, 0.532104, 0.754532, -0.168483, 0.00510898, 0.202683
-0.054952, 0.377078, 0.52192, 0.763146, -0.178312, 0.00733896, 0.205806
-0.0614773, 0.372186, 0.51039, 0.772787, -0.18912, 0.00958779, 0.209105
-0.0683113, 0.366511, 0.49755, 0.783229, -0.201351, 0.012234, 0.212528
-0.075205, 0.35984, 0.483518, 0.794399, -0.214466, 0.0150421, 0.216055
-0.0820335, 0.352123, 0.468165, 0.806289, -0.228637, 0.017741, 0.219497
-0.0888571, 0.343119, 0.451811, 0.818682, -0.2435, 0.0202015, 0.222998
-0.0952574, 0.332835, 0.434061, 0.831707, -0.259344, 0.0223686, 0.226192
-0.101326, 0.320977, 0.415376, 0.845086, -0.27598, 0.0245767, 0.229292
-0.106532, 0.307578, 0.395289, 0.858949, -0.293284, 0.0261316, 0.232174
-0.1108, 0.292548, 0.374218, 0.872983, -0.311141, 0.0272678, 0.234729
-0.113935, 0.275748, 0.352153, 0.887113, -0.329442, 0.0277372, 0.236971
-0.115956, 0.257199, 0.32935, 0.901072, -0.348236, 0.0276347, 0.238682
-0.116199, 0.236628, 0.305442, 0.914992, -0.367467, 0.0267409, 0.239975
-0.114831, 0.214238, 0.281498, 0.928264, -0.386756, 0.0249458, 0.240637
-0.111587, 0.190894, 0.257828, 0.940549, -0.405502, 0.022239, 0.240529
-0.106199, 0.166918, 0.234188, 0.951849, -0.423352, 0.0187288, 0.23967
-0.098679, 0.142498, 0.211044, 0.961986, -0.440264, 0.0144947, 0.238095
-0.0893457, 0.117945, 0.188467, 0.970869, -0.456048, 0.00952277, 0.235944
-0.0776446, 0.0937691, 0.16577, 0.978621, -0.470655, 0.0039763, 0.233081
-0.0639016, 0.0699644, 0.1433, 0.985133, -0.483838, -0.00230554, 0.229606
-0.0481851, 0.046863, 0.121274, 0.990341, -0.496099, -0.00913963, 0.225201
-0.0305243, 0.0249152, 0.0994631, 0.994261, -0.506857, -0.0162964, 0.220488
-0.0112785, 0.00414999, 0.0779365, 0.996886, -0.516321, -0.0237627, 0.215318
0.00931236, -0.0148465, 0.0567962, 0.998232, -0.524524, -0.0313093, 0.209827
0.0307199, -0.0322527, 0.0361178, 0.998354, -0.531551, -0.0386644, 0.204115
0.0532458, -0.0476519, 0.0155826, 0.997322, -0.537577, -0.0458911, 0.198104
0.0759001, -0.0611455, -0.00443079, 0.995229, -0.542814, -0.0528228, 0.191967
0.0992115, -0.0725747, -0.0243726, 0.992117, -0.547216, -0.0594174, 0.185734
0.122545, -0.0819216, -0.0443047, 0.988083, -0.550957, -0.0656104, 0.179533
0.145237, -0.0896334, -0.0638306, 0.983259, -0.554013, -0.0712494, 0.173614
0.167986, -0.0955113, -0.0837959, 0.977567, -0.556592, -0.0763754, 0.167691
0.190824, -0.100012, -0.104071, 0.970955, -0.558921, -0.0810192, 0.161552
0.213374, -0.10326, -0.124509, 0.963486, -0.561011, -0.0854926, 0.155308
0.23578, -0.105477, -0.145083, 0.955109, -0.563063, -0.0896521, 0.149004
0.2586, -0.107062, -0.166434, 0.945497, -0.564938, -0.0939157, 0.142593
0.282938, -0.108197, -0.188778, 0.934132, -0.566958, -0.098271, 0.135745
0.308254, -0.109311, -0.21155, 0.92102, -0.569305, -0.102819, 0.128181
0.334771, -0.110342, -0.234547, 0.905947, -0.571854, -0.10753, 0.11979
0.362276, -0.111023, -0.257919, 0.888768, -0.574842, -0.112728, 0.110494
0.389876, -0.111099, -0.280812, 0.869941, -0.577883, -0.118191, 0.100337
0.417268, -0.111081, -0.302864, 0.849601, -0.581146, -0.123446, 0.0900936
0.444441, -0.110533, -0.324075, 0.827786, -0.584467, -0.128501, 0.0795572
0.47107, -0.109491, -0.344304, 0.804711, -0.587731, -0.133586, 0.0687964
0.497278, -0.108029, -0.363511, 0.780323, -0.59122, -0.138468, 0.0575567
0.523031, -0.106096, -0.381681, 0.754653, -0.59473, -0.143113, 0.045739
0.548176, -0.103658, -0.398845, 0.727792, -0.598361, -0.147653, 0.0335875
0.57273, -0.100658, -0.415081, 0.699683, -0.60193, -0.151911, 0.0212531
0.596521, -0.0970326, -0.430224, 0.670562, -0.605498, -0.155797, 0.00865169
0.619606, -0.0929003, -0.444286, 0.640366, -0.608972, -0.159319, -0.00425675
0.641914, -0.0882155, -0.457187, 0.609216, -0.612383, -0.162801, -0.0175104
0.663399, -0.0829229, -0.469015, 0.577105, -0.615806, -0.165941, -0.0310847
0.683995, -0.0771043, -0.479789, 0.544067, -0.618971, -0.168747, -0.0447699
0.703563, -0.0705545, -0.489461, 0.510343, -0.622118, -0.171039, -0.0587434
0.722108, -0.0635245, -0.498051, 0.475889, -0.625115, -0.172921, -0.07285
0.739772, -0.0558889, -0.505432, 0.440628, -0.627884, -0.174532, -0.0871621
0.756323, -0.0476248, -0.51171, 0.404797, -0.630596, -0.175848, -0.101595
0.77163, -0.0387415, -0.517055, 0.36843, -0.633068, -0.176778, -0.115926
0.785697, -0.0293808, -0.521268, 0.331808, -0.635347, -0.177221, -0.130049
0.798681, -0.019405, -0.524381, 0.294545, -0.637318, -0.177274, -0.14438
0.810527, -0.00886314, -0.52632, 0.256817, -0.639182, -0.17684, -0.158715
0.820934, 0.00228803, -0.527317, 0.21909, -0.64075, -0.176272, -0.172973
0.829965, 0.0140311, -0.527391, 0.181161, -0.642144, -0.17529, -0.18701
0.837647, 0.0262891, -0.526493, 0.143045, -0.64322, -0.173726, -0.200776
0.844042, 0.0390081, -0.524514, 0.104673, -0.644155, -0.171893, -0.214596
0.848978, 0.0523907, -0.521604, 0.0664888, -0.644802, -0.169758, -0.228273
0.85245, 0.0661815, -0.517819, 0.0284907, -0.645196, -0.167439, -0.24158
0.854441, 0.0804233, -0.513198, -0.00949847, -0.645326, -0.164818, -0.2544
0.854907, 0.0950925, -0.507783, -0.0474024, -0.645336, -0.16181, -0.267081
0.853935, 0.110167, -0.501439, -0.0849575, -0.6451, -0.15865, -0.279496
0.851473, 0.125733, -0.494281, -0.121944, -0.644604, -0.155396, -0.291696
0.847507, 0.14156, -0.486386, -0.158495, -0.64396, -0.152024, -0.303463
0.841873, 0.157673, -0.477935, -0.194853, -0.643101, -0.148351, -0.314664
0.834731, 0.173997, -0.468767, -0.230665, -0.642094, -0.144577, -0.325344
0.82609, 0.190709, -0.458908, -0.265723, -0.640928, -0.140727, -0.335616
0.816381, 0.207016, -0.448751, -0.298814, -0.639591, -0.137173, -0.345299
0.80562, 0.222805, -0.438635, -0.33005, -0.638231, -0.133664, -0.353975
0.794219, 0.237683, -0.428713, -0.359067, -0.636928, -0.130297, -0.361759
0.782281, 0.251929, -0.418857, -0.386169, -0.635456, -0.127183, -0.368819
0.770154, 0.265474, -0.409307, -0.410918, -0.634107, -0.124366, -0.375347
0.757987, 0.278215, -0.400044, -0.433609, -0.632688, -0.121946, -0.381392
0.745946, 0.290037, -0.391244, -0.454281, -0.631322, -0.119697, -0.386772
0.734298, 0.300884, -0.382893, -0.472937, -0.630073, -0.1177, -0.391703
0.723299, 0.310819, -0.375113, -0.489408, -0.628848, -0.115858, -0.396152
-0.712863, -0.319904, 0.367974, 0.504066, -0.627683, -0.114236, -0.400332
-0.703398, -0.328018, 0.361421, 0.51673, -0.626549, -0.11295, -0.404259
-0.695045, -0.335237, 0.355397, 0.527468, -0.625376, -0.112066, -0.40779
-0.687719, -0.341594, 0.350144, 0.536429, -0.624301, -0.111255, -0.411282
-0.681692, -0.346966, 0.345547, 0.543606, -0.623374, -0.110752, -0.414533
-0.676939, -0.351435, 0.341661, 0.549104, -0.622464, -0.110456, -0.417607
-0.67373, -0.355006, 0.338492, 0.552704, -0.621488, -0.110322, -0.420537
-0.671838, -0.357692, 0.336016, 0.554783, -0.620697, -0.110367, -0.423518
-0.671522, -0.359449, 0.334205, 0.555123, -0.619825, -0.110679, -0.426442
-0.672665, -0.360277, 0.333138, 0.553842, -0.619171, -0.111279, -0.429391
-0.6753, -0.36036, 0.332596, 0.550899, -0.618355, -0.111957, -0.432074
-0.679454, -0.359409, 0.332739, 0.546307, -0.617627, -0.112931, -0.434935
-0.684903, -0.357646, 0.333489, 0.540168, -0.617008, -0.113924, -0.437775
-0.691903, -0.354991, 0.334655, 0.53222, -0.616126, -0.115289, -0.440429
-0.700155, -0.351306, 0.33648, 0.522636, -0.615501, -0.116856, -0.44322
-0.70959, -0.346759, 0.338707, 0.511388, -0.614793, -0.118648, -0.44598
0.720115, 0.341151, -0.341389, -0.498502, -0.61422, -0.120631, -0.448629
0.73156, 0.334605, -0.344426, -0.483974, -0.61356, -0.122819, -0.451177
0.743942, 0.326973, -0.347775, -0.467645, -0.612967, -0.12531, -0.453585
0.757027, 0.318452, -0.351268, -0.449565, -0.612333, -0.128205, -0.456067
0.770707, 0.309022, -0.3549, -0.429607, -0.611684, -0.131281, -0.458443
0.78465, 0.298567, -0.3587, -0.408064, -0.611092, -0.134686, -0.460774
0.798845, 0.286987, -0.362509, -0.384803, -0.610524, -0.138106, -0.462604
0.813138, 0.274236, -0.366286, -0.359771, -0.609947, -0.141957, -0.464244
0.827264, 0.260558, -0.369909, -0.333034, -0.609469, -0.145907, -0.465671
0.841098, 0.245732, -0.373318, -0.304635, -0.608853, -0.150407, -0.466995
0.854386, 0.230106, -0.376418, -0.274562, -0.608365, -0.154825, -0.467705
0.866821, 0.213423, -0.379329, -0.243273, -0.608101, -0.159294, -0.468143
0.878443, 0.195875, -0.381744, -0.210339, -0.607783, -0.163743, -0.467989
0.888928, 0.177443, -0.38365, -0.176447, -0.607525, -0.16838, -0.467726
0.898332, 0.158173, -0.38489, -0.140857, -0.607174, -0.173103, -0.466798
0.906215, 0.138235, -0.385619, -0.104708, -0.607064, -0.177651, -0.465569
0.912569, 0.117645, -0.385758, -0.0675889, -0.607013, -0.181981, -0.463991
0.917333, 0.0963055, -0.385173, -0.0294583, -0.607039, -0.186372, -0.461954
0.920348, 0.0746042, -0.383814, 0.00902538, -0.607108, -0.19039, -0.459456
0.92154, 0.0524835, -0.381753, 0.0476937, -0.607314, -0.194102, -0.456618
0.920874, 0.0300395, -0.378941, 0.0865584, -0.607554, -0.197506, -0.453516
0.918328, 0.00743695, -0.375373, 0.125356, -0.607898, -0.200505, -0.450144
0.913891, -0.015215, -0.371034, 0.164031, -0.608313, -0.203074, -0.446549
0.907551, -0.037864, -0.366085, 0.202234, -0.60886, -0.20525, -0.442795
0.899402, -0.0603282, -0.360387, 0.239914, -0.609428, -0.206861, -0.438916
0.889541, -0.0825225, -0.354053, 0.276682, -0.610044, -0.208005, -0.435002
0.878102, -0.104251, -0.347158, 0.31233, -0.610736, -0.208502, -0.431099
0.865206, -0.125623, -0.339704, 0.346755, -0.611502, -0.208676, -0.427242
0.850861, -0.146314, -0.331902, 0.38009, -0.612253, -0.208385, -0.423696
0.835325, -0.166372, -0.323611, 0.412103, -0.612969, -0.207568, -0.420071
0.818944, -0.185587, -0.315238, 0.442168, -0.613834, -0.206487, -0.416834
0.801699, -0.204052, -0.30652, 0.470836, -0.614533, -0.204968, -0.413637
0.783968, -0.22157, -0.297774, 0.497626, -0.615309, -0.203257, -0.41082
0.765863, -0.237969, -0.289081, 0.522739, -0.616132, -0.201239, -0.408318
0.747645, -0.253392, -0.280439, 0.546053, -0.61684, -0.198941, -0.406054
0.729499, -0.267826, -0.272035, 0.567537, -0.617651, -0.196694, -0.404143
0.711672, -0.281197, -0.264043, 0.587139, -0.618556, -0.194512, -0.402455
0.694484, -0.293356, -0.256328, 0.604921, -0.61929, -0.192182, -0.400984
0.677851, -0.304579, -0.248866, 0.62114, -0.6198, -0.189853, -0.39967
0.661537, -0.315109, -0.241611, 0.63616, -0.620387, -0.187472, -0.398551
0.646019, -0.324771, -0.234773, 0.649665, -0.620883, -0.185026, -0.397478
0.63118, -0.333716, -0.228293, 0.661912, -0.621329, -0.182787, -0.396384
0.617501, -0.341672, -0.222351, 0.672691, -0.621747, -0.180773, -0.39529
0.604996, -0.348939, -0.216693, 0.682104, -0.621998, -0.178739, -0.39411
0.593792, -0.355121, -0.211912, 0.690213, -0.622354, -0.177078, -0.393317
0.584243, -0.36021, -0.207797, 0.696943, -0.622664, -0.175542, -0.392535
0.576352, -0.364216, -0.204511, 0.702382, -0.623024, -0.174495, -0.392265
0.570332, -0.367228, -0.201899, 0.706471, -0.623057, -0.173659, -0.39236
0.566152, -0.369126, -0.199935, 0.709397, -0.623042, -0.172937, -0.393055
0.563655, -0.36962, -0.199062, 0.711371, -0.623082, -0.172514, -0.39391
0.562617, -0.368631, -0.199069, 0.712703, -0.623065, -0.172099, -0.395098
0.562571, -0.366444, -0.199768, 0.71367, -0.622899, -0.171404, -0.397069
0.563283, -0.363159, -0.200985, 0.714446, -0.622501, -0.170641, -0.400383
0.564333, -0.358641, -0.202788, 0.715389, -0.621991, -0.169712, -0.405145
0.565583, -0.353024, -0.204508, 0.716705, -0.620927, -0.169008, -0.411219
0.567058, -0.346071, -0.207728, 0.718004, -0.619909, -0.168175, -0.418477
0.568649, -0.337929, -0.211424, 0.719543, -0.618163, -0.167172, -0.426405
0.57068, -0.328876, -0.215572, 0.720898, -0.61563, -0.166021, -0.435205
0.572668, -0.318433, -0.221192, 0.722305, -0.612575, -0.165727, -0.445561
0.575108, -0.30658, -0.227744, 0.723459, -0.60851, -0.165817, -0.456415
0.577606, -0.29364, -0.235399, 0.724386, -0.603406, -0.166679, -0.46837
0.580239, -0.279487, -0.244897, 0.724731, -0.597266, -0.168138, -0.480679
0.582863, -0.264258, -0.255718, 0.724601, -0.589794, -0.170652, -0.493474
0.585612, -0.247969, -0.268231, 0.723618, -0.580892, -0.17454, -0.506593
0.588743, -0.230381, -0.282872, 0.721311, -0.570562, -0.180131, -0.520003
0.591638, -0.212143, -0.299504, 0.717814, -0.558685, -0.187415, -0.533295
0.594539, -0.193108, -0.317934, 0.712847, -0.545406, -0.197122, -0.546033
0.597336, -0.173419, -0.338747, 0.705951, -0.530595, -0.209163, -0.558214
0.600346, -0.15307, -0.361678, 0.696665, -0.514407, -0.224162, -0.569726
0.603215, -0.132209, -0.387062, 0.684716, -0.497241, -0.241934, -0.579552
0.605463, -0.11177, -0.414326, 0.670265, -0.479233, -0.26298, -0.587656
0.608081, -0.0910494, -0.443457, 0.652145, -0.460434, -0.287042, -0.593376
0.610315, -0.0709441, -0.474249, 0.630532, -0.441735, -0.314963, -0.596281
0.612087, -0.0519466, -0.504349, 0.606863, -0.424054, -0.344585, -0.595555
0.61326, -0.0343023, -0.535007, 0.580089, -0.408052, -0.375806, -0.591265
0.614295, -0.0179887, -0.565044, 0.550493, -0.394118, -0.407234, -0.583788
0.615329, -0.00303298, -0.594147, 0.518025, -0.380867, -0.439428, -0.57267
-0.615668, -0.0105694, 0.622144, -0.483507, -0.370394, -0.471582, -0.558472
-0.615523, -0.0231698, 0.64874, -0.446914, -0.361828, -0.503735, -0.540333
-0.61526, -0.0345846, 0.673506, -0.408227, -0.355452, -0.53438, -0.519065
-0.614668, -0.0447751, 0.696665, -0.367201, -0.350915, -0.564041, -0.494453
-0.613439, -0.0539238, 0.717785, -0.324914, -0.349058, -0.591254, -0.467355
-0.611774, -0.0622546, 0.73668, -0.281353, -0.349077, -0.616314, -0.436814
-0.60971, -0.0697371, 0.753275, -0.236575, -0.351013, -0.638281, -0.404015
-0.607755, -0.0766367, 0.767057, -0.190745, -0.35434, -0.657119, -0.368384
-0.605021, -0.0824198, 0.778699, -0.144171, -0.359361, -0.673064, -0.330732
-0.601795, -0.0888948, 0.787676, -0.0975022, -0.365684, -0.683433, -0.291763
-0.598227, -0.0945822, 0.794107, -0.0507164, -0.372597, -0.690372, -0.251221
-0.594394, -0.0999468, 0.797929, -0.00398921, -0.379914, -0.693023, -0.209866
-0.589684, -0.104994, 0.799764, 0.040333, -0.387548, -0.691082, -0.168933
-0.585397, -0.109853, 0.799039, 0.0823345, -0.39469, -0.68552, -0.130366
-0.580838, -0.114742, 0.796603, 0.122003, -0.401072, -0.676703, -0.0944816
-0.576502, -0.119599, 0.792599, 0.158518, -0.406709, -0.665094, -0.0605946
-0.571561, -0.124213, 0.788045, 0.192026, -0.41102, -0.651614, -0.0284129
-0.566458, -0.129035, 0.782704, 0.223268, -0.414444, -0.636258, 0.000686171
-0.56206, -0.133603, 0.776365, 0.251985, -0.416872, -0.620452, 0.0274787
-0.55744, -0.137996, 0.769992, 0.278083, -0.418301, -0.603755, 0.0520957
-0.553083, -0.142029, 0.763468, 0.301735, -0.41894, -0.586681, 0.0744292
-0.548753, -0.146314, 0.75699, 0.323153, -0.418777, -0.570168, 0.0942988
-0.54462, -0.150451, 0.750676, 0.342402, -0.417754, -0.554061, 0.112122
-0.540776, -0.154048, 0.744752, 0.35941, -0.416544, -0.538626, 0.127833
-0.537199, -0.157287, 0.739259, 0.374398, -0.414714, -0.523981, 0.141852
-0.533932, -0.160468, 0.734161, 0.387522, -0.41284, -0.510525, 0.153636
-0.530846, -0.163245, 0.729638, 0.398977, -0.410865, -0.498325, 0.163902
-0.528184, -0.16582, 0.725652, 0.4086, -0.408746, -0.48782, 0.172494
-0.526001, -0.167773, 0.7224, 0.41631, -0.406816, -0.478621, 0.179797
-0.524715, -0.169082, 0.719932, 0.421643, -0.40525, -0.471041, 0.185499
-0.524124, -0.169839, 0.718502, 0.424504, -0.404097, -0.464325, 0.190026
-0.524202, -0.169523, 0.718359, 0.424775, -0.403025, -0.458968, 0.194085
-0.525135, -0.168194, 0.719287, 0.422575, -0.402367, -0.454188, 0.197503
-0.526882, -0.166004, 0.72128, 0.417844, -0.402039, -0.449588, 0.200398
-0.529671, -0.162828, 0.724069, 0.410683, -0.40207, -0.444493, 0.203302
-0.532854, -0.158697, 0.727926, 0.401256, -0.402078, -0.439268, 0.206536
-0.536609, -0.15395, 0.732558, 0.389499, -0.402292, -0.433165, 0.210027
-0.540798, -0.148462, 0.737784, 0.375728, -0.402283, -0.425963, 0.214136
-0.544945, -0.141742, 0.743867, 0.360008, -0.402032, -0.417215, 0.219388
-0.548977, -0.134275, 0.750569, 0.342404, -0.401314, -0.407313, 0.225575
-0.553041, -0.126372, 0.757642, 0.322729, -0.400609, -0.396433, 0.231933
-0.556839, -0.117792, 0.765152, 0.300996, -0.399585, -0.384426, 0.238642
-0.560013, -0.108548, 0.773024, 0.277555, -0.398099, -0.370927, 0.246166
-0.562407, -0.0985702, 0.78141, 0.251755, -0.396081, -0.356278, 0.254332
-0.564022, -0.088393, 0.78989, 0.223916, -0.39357, -0.340451, 0.262732
-0.564439, -0.0778149, 0.798514, 0.194239, -0.390449, -0.323335, 0.271526
-0.563299, -0.0667926, 0.807367, 0.162455, -0.386434, -0.30484, 0.280961
-0.560681, -0.0557062, 0.816048, 0.128839, -0.381565, -0.284877, 0.290516
-0.556226, -0.0445352, 0.824528, 0.0937205, -0.375727, -0.263472, 0.300335
-0.549572, -0.0334515, 0.832837, 0.0568746, -0.368726, -0.240422, 0.310414
-0.540773, -0.0228145, 0.840654, 0.0185887, -0.360421, -0.216103, 0.320457
-0.530449, -0.0134695, 0.847441, -0.0169465, -0.352048, -0.192253, 0.329327
-0.519376, -0.00585938, 0.853015, -0.050784, -0.34315, -0.170089, 0.337129
-0.507614, 0.000492149, 0.857608, -0.0826783, -0.333795, -0.149226, 0.344514
-0.49511, 0.00588402, 0.861579, -0.111861, -0.324307, -0.129032, 0.350725
-0.482876, 0.0102013, 0.864564, -0.138767, -0.315056, -0.109773, 0.355923
-0.47024, 0.0137868, 0.867156, -0.163475, -0.306348, -0.0917112, 0.360192
-0.458139, 0.0162918, 0.869046, -0.186019, -0.297579, -0.0749566, 0.364342
-0.446495, 0.0179838, 0.870309, -0.207077, -0.288935, -0.0594081, 0.367787
-0.435393, 0.0193508, 0.871284, -0.225659, -0.280959, -0.0452225, 0.370495
-0.424853, 0.0202025, 0.871921, -0.242582, -0.273402, -0.031906, 0.372768
-0.414927, 0.0206186, 0.872354, -0.257698, -0.266331, -0.0200725, 0.374748
-0.405024, 0.0217596, 0.872854, -0.271306, -0.259516, -0.00872036, 0.37649
-0.394486, 0.0242473, 0.873698, -0.283627, -0.253249, 0.00261235, 0.377819
-0.382913, 0.0287179, 0.874964, -0.294942, -0.246391, 0.0145668, 0.379406
-0.369961, 0.0349745, 0.876603, -0.305734, -0.240232, 0.026747, 0.380552
-0.354985, 0.0433218, 0.878701, -0.316217, -0.233561, 0.0399745, 0.381475
-0.338074, 0.0537855, 0.881181, -0.326087, -0.226475, 0.0541624, 0.38188
-0.319007, 0.0661186, 0.883573, -0.336394, -0.219086, 0.0693888, 0.381676
-0.298283, 0.0799456, 0.885795, -0.346415, -0.211525, 0.0851986, 0.380196
-0.275475, 0.0955755, 0.887149, -0.357694, -0.203821, 0.102336, 0.376702
-0.251282, 0.112327, 0.887955, -0.368479, -0.19573, 0.119264, 0.372571
-0.22563, 0.12968, 0.887551, -0.380167, -0.187282, 0.137702, 0.366677
-0.197496, 0.148307, 0.886553, -0.391183, -0.179352, 0.152827, 0.358316
-0.16871, 0.16535, 0.882778, -0.406079, -0.172746, 0.173745, 0.347076
-0.13936, 0.184039, 0.878012, -0.419289, -0.164955, 0.191493, 0.335109
-0.108564, 0.202214, 0.871278, -0.433817, -0.158555, 0.209038, 0.320434
-0.0758843, 0.220424, 0.862499, -0.449166, -0.15331, 0.226697, 0.303049
-0.0421729, 0.238773, 0.851017, -0.465811, -0.149217, 0.244078, 0.283155
-0.00619187, 0.258093, 0.83695, -0.48256, -0.147148, 0.259368, 0.261133
-0.0300221, -0.275526, -0.819622, 0.501402, -0.146273, 0.276402, 0.234361
-0.0683439, -0.294208, -0.798943, 0.520058, -0.148942, 0.290334, 0.206398
-0.106721, -0.311923, -0.775194, 0.538878, -0.154682, 0.301795, 0.17608
-0.143425, -0.328508, -0.748488, 0.557922, -0.162716, 0.311697, 0.145418
-0.179416, -0.343125, -0.719377, 0.57669, -0.174154, 0.318668, 0.113425
-0.213738, -0.357346, -0.687279, 0.595203, -0.188036, 0.323681, 0.0820175
-0.246964, -0.370592, -0.653089, 0.61249, -0.205329, 0.325013, 0.050988
-0.278365, -0.382545, -0.61655, 0.629315, -0.224936, 0.323759, 0.0204038
-0.307498, -0.393473, -0.577614, 0.645744, -0.246524, 0.320134, -0.00910172
-0.335156, -0.403701, -0.536624, 0.660855, -0.270889, 0.312657, -0.0363986
-0.360384, -0.413108, -0.494166, 0.674733, -0.296536, 0.30211, -0.0615508
-0.382531, -0.421095, -0.45192, 0.687108, -0.322523, 0.289445, -0.0838119
-0.401674, -0.428271, -0.4104, 0.69772, -0.348029, 0.274938, -0.102869
-0.417899, -0.434644, -0.36996, 0.706806, -0.372623, 0.258912, -0.118715
-0.431623, -0.440121, -0.330569, 0.714647, -0.396289, 0.241685, -0.13201
-0.442952, -0.445054, -0.292797, 0.721103, -0.418471, 0.223588, -0.142748
-0.452046, -0.449264, -0.256628, 0.726608, -0.43911, 0.205315, -0.151404
-0.459855, -0.452812, -0.222446, 0.730761, -0.458475, 0.185975, -0.158171
-0.465616, -0.456015, -0.190019, 0.734264, -0.475819, 0.16759, -0.163225
-0.469939, -0.458815, -0.159636, 0.736996, -0.491273, 0.149511, -0.167217
-0.473166, -0.461167, -0.131364, 0.739041, -0.505116, 0.132201, -0.169945
-0.475347, -0.463236, -0.105373, 0.740509, -0.51735, 0.115721, -0.171653
-0.476584, -0.465126, -0.0816803, 0.741522, -0.527956, 0.100416, -0.17251
-0.477247, -0.466826, -0.0602961, 0.742074, -0.537078, 0.0859405, -0.17299
-0.477395, -0.468302, -0.0412107, 0.742354, -0.544888, 0.0730931, -0.173091
-0.477147, -0.469428, -0.0243894, 0.742545, -0.551437, 0.0616662, -0.172919
-0.476765, -0.470456, -0.0099386, 0.742473, -0.55678, 0.0515529, -0.172537
-0.476243, -0.471257, 0.00221617, 0.742364, -0.561176, 0.0429453, -0.172129
-0.47567, -0.471951, 0.0122489, 0.742193, -0.564595, 0.035746, -0.171446
-0.475165, -0.472365, 0.0197866, 0.74209, -0.567083, 0.0303679, -0.170963
-0.474788, -0.472904, 0.0250213, 0.741831, -0.568862, 0.0265858, -0.17084
-0.474558, -0.47315, 0.0280245, 0.741713, -0.569831, 0.0243248, -0.170786
-0.474495, -0.473084, 0.0289178, 0.741761, -0.570054, 0.023836, -0.170618
-0.47552, -0.472282, 0.0292969, 0.741601, -0.570079, 0.0239501, -0.170566
-0.477836, -0.471365, 0.0303631, 0.740652, -0.570146, 0.0230951, -0.171954
-0.481326, -0.470245, 0.0321714, 0.739026, -0.570343, 0.0210487, -0.174799
-0.486208, -0.468381, 0.0346636, 0.736899, -0.570693, 0.0185691, -0.178325
-0.492415, -0.465851, 0.0376852, 0.734227, -0.570857, 0.0160636, -0.182101
-0.499961, -0.46259, 0.0414441, 0.73098, -0.571157, 0.0129407, -0.186942
-0.508814, -0.458981, 0.0459141, 0.726868, -0.571406, 0.00882904, -0.192807
-0.518837, -0.454877, 0.0509724, 0.722009, -0.571734, 0.00406429, -0.199773
-0.529988, -0.450136, 0.0565697, 0.716443, -0.572052, -0.0010459, -0.207427
-0.54238, -0.444782, 0.0626723, 0.709975, -0.572282, -0.00672817, -0.215936
-0.55597, -0.438676, 0.0695972, 0.702578, -0.572391, -0.0132005, -0.225391
-0.570555, -0.431944, 0.0772926, 0.694203, -0.572463, -0.0203051, -0.23556
-0.586195, -0.424455, 0.0853605, 0.684782, -0.572441, -0.0278805, -0.246539
-0.602784, -0.41648, 0.0937096, 0.674103, -0.572191, -0.0359473, -0.2586
-0.62036, -0.407607, 0.102827, 0.662145, -0.571883, -0.0448412, -0.271572
-0.638609, -0.397994, 0.112755, 0.648896, -0.57129, -0.0542088, -0.285102
-0.657615, -0.387595, 0.122657, 0.634246, -0.570473, -0.0640109, -0.29939
-0.677123, -0.376403, 0.133214, 0.618126, -0.569342, -0.0743802, -0.314435
-0.697066, -0.36448, 0.144062, 0.600416, -0.567921, -0.0853443, -0.330156
-0.717688, -0.351652, 0.154979, 0.580729, -0.566265, -0.0968334, -0.346686
-0.738357, -0.337825, 0.166459, 0.559459, -0.563975, -0.108632, -0.363381
-0.757749, -0.324415, 0.176975, 0.537821, -0.561462, -0.12031, -0.380147
-0.775315, -0.311514, 0.186665, 0.516722, -0.558956, -0.13094, -0.39549
0.791279, 0.298731, -0.195801, -0.496285, -0.556328, -0.140645, -0.409035
0.805805, 0.28675, -0.203899, -0.476318, -0.553701, -0.149711, -0.421951
0.818962, 0.275299, -0.211309, -0.457012, -0.550908, -0.158394, -0.434115
0.830709, 0.264628, -0.218067, -0.438568, -0.548147, -0.166226, -0.445277
0.841356, 0.254171, -0.223967, -0.421137, -0.545572, -0.173207, -0.45543
0.850874, 0.244557, -0.22926, -0.404531, -0.542864, -0.179598, -0.464607
0.859113, 0.235823, -0.234184, -0.389191, -0.54043, -0.18564, -0.473017
0.866516, 0.227722, -0.238468, -0.374734, -0.538082, -0.191026, -0.480404
0.873081, 0.220087, -0.241983, -0.361573, -0.535641, -0.19563, -0.486778
0.878731, 0.213287, -0.245089, -0.349675, -0.533537, -0.199682, -0.492837
0.883557, 0.207339, -0.247875, -0.338962, -0.531683, -0.203581, -0.49819
0.887661, 0.202013, -0.250479, -0.329407, -0.530055, -0.206908, -0.502626
0.89112, 0.197355, -0.252586, -0.321181, -0.528649, -0.209432, -0.506324
0.893951, 0.193426, -0.254099, -0.31444, -0.527453, -0.211487, -0.509618
0.896218, 0.190269, -0.255446, -0.308768, -0.526414, -0.213433, -0.512285
0.897863, 0.188127, -0.256218, -0.304634, -0.525546, -0.214677, -0.5142
0.898974, 0.186401, -0.257002, -0.301746, -0.525124, -0.215582, -0.51567
0.899575, 0.185546, -0.25733, -0.300199, -0.524794, -0.215861, -0.516114
0.899605, 0.185511, -0.25737, -0.300095, -0.524879, -0.216064, -0.516179
0.899061, 0.186349, -0.257377, -0.301197, -0.525117, -0.215918, -0.515908
0.897867, 0.18832, -0.256976, -0.303863, -0.525303, -0.215387, -0.515802
0.896104, 0.191327, -0.256151, -0.307859, -0.525671, -0.214595, -0.516133
0.893657, 0.19535, -0.255013, -0.313344, -0.526078, -0.213556, -0.51674
0.890592, 0.200356, -0.253629, -0.319963, -0.526634, -0.21213, -0.517168
0.886743, 0.206313, -0.252006, -0.328048, -0.527309, -0.210452, -0.517622
0.882089, 0.213342, -0.250156, -0.337381, -0.528243, -0.208615, -0.518236
0.876616, 0.221307, -0.247891, -0.348019, -0.52909, -0.206575, -0.518595
0.870172, 0.230254, -0.24551, -0.359874, -0.53024, -0.203895, -0.519022
0.86283, 0.23987, -0.242835, -0.372851, -0.531648, -0.201112, -0.519576
0.854343, 0.250573, -0.239726, -0.387095, -0.533105, -0.1982, -0.519951
0.844627, 0.262287, -0.236033, -0.402614, -0.534679, -0.19488, -0.520335
0.833771, 0.274602, -0.232007, -0.419037, -0.536473, -0.191411, -0.520712
0.821508, 0.28773, -0.227557, -0.436524, -0.538229, -0.187519, -0.520691
0.807559, 0.301645, -0.223013, -0.455109, -0.540543, -0.183532, -0.520398
0.792073, 0.316203, -0.217852, -0.474527, -0.542863, -0.179485, -0.51992
0.774868, 0.331496, -0.212088, -0.49468, -0.545358, -0.174996, -0.51959
-0.755941, -0.347149, 0.205739, 0.515473, -0.548068, -0.170378, -0.518956
-0.735068, -0.363171, 0.199047, 0.536807, -0.550947, -0.165762, -0.51792
-0.711882, -0.379659, 0.191931, 0.55879, -0.554165, -0.161158, -0.516527
-0.686597, -0.396551, 0.183838, 0.580979, -0.557564, -0.156352, -0.514822
-0.65891, -0.413259, 0.175701, 0.603477, -0.561404, -0.151389, -0.512576
-0.629172, -0.429883, 0.166832, 0.625708, -0.565285, -0.146652, -0.510097
-0.598677, -0.445719, 0.157703, 0.646568, -0.569072, -0.142525, -0.507338
-0.567057, -0.460609, 0.148545, 0.666499, -0.573085, -0.138735, -0.504684
-0.534216, -0.474767, 0.139149, 0.685454, -0.577009, -0.135108, -0.501569
-0.500347, -0.488037, 0.129569, 0.703339, -0.581173, -0.131759, -0.498182
-0.465956, -0.500126, 0.11995, 0.71998, -0.585142, -0.129125, -0.494364
-0.430823, -0.511293, 0.110181, 0.735412, -0.589164, -0.127114, -0.490762
-0.394791, -0.521935, 0.100043, 0.749477, -0.592963, -0.125158, -0.487245
-0.357926, -0.531169, 0.0899341, 0.762667, -0.596997, -0.124155, -0.483964
-0.320418, -0.539534, 0.0797317, 0.774518, -0.600975, -0.123123, -0.480057
-0.282624, -0.546802, 0.0694985, 0.785049, -0.604958, -0.122682, -0.476282
-0.244342, -0.553047, 0.0591834, 0.794313, -0.608591, -0.122526, -0.472696
-0.205449, -0.558315, 0.0487117, 0.802311, -0.612373, -0.122881, -0.469462
-0.165892, -0.562642, 0.038042, 0.808991, -0.61615, -0.123486, -0.466654
-0.126358, -0.565519, 0.0275645, 0.814532, -0.619753, -0.124919, -0.463481
-0.0869528, -0.567264, 0.0171025, 0.818754, -0.623309, -0.126525, -0.460727
-0.0471592, -0.568256, 0.00659893, 0.821473, -0.626608, -0.128364, -0.457944
-0.00705768, -0.568219, -0.00409827, 0.822837, -0.629565, -0.130542, -0.455645
0.0331029, -0.566777, -0.0147618, 0.823074, -0.632476, -0.132905, -0.454122
0.0729142, -0.56476, -0.0255333, 0.821631, -0.635118, -0.135811, -0.452261
0.112491, -0.561361, -0.0361402, 0.819093, -0.637422, -0.138911, -0.450041
0.151959, -0.556976, -0.0465938, 0.815178, -0.639706, -0.142249, -0.44878
0.191452, -0.551619, -0.0571855, 0.80981, -0.641835, -0.145687, -0.448229
0.230619, -0.545123, -0.0677069, 0.803163, -0.643752, -0.149225, -0.448249
0.269083, -0.537567, -0.0781752, 0.795302, -0.645411, -0.152769, -0.448165
0.306975, -0.528974, -0.0885261, 0.786204, -0.647091, -0.15649, -0.448578
0.344546, -0.519043, -0.0987445, 0.775972, -0.648397, -0.160274, -0.449147
0.381781, -0.508429, -0.108781, 0.76414, -0.649512, -0.164022, -0.45062
0.418126, -0.497235, -0.11881, 0.750874, -0.650185, -0.167831, -0.452375
0.453662, -0.484766, -0.128708, 0.736632, -0.65062, -0.17142, -0.454443
0.488159, -0.471401, -0.138558, 0.721306, -0.650916, -0.175016, -0.45639
0.522089, -0.457157, -0.148231, 0.704598, -0.651306, -0.178739, -0.45898
0.55507, -0.441997, -0.157782, 0.686762, -0.651137, -0.182195, -0.462143
0.587059, -0.426223, -0.166881, 0.667717, -0.6509, -0.185304, -0.465934
0.617949, -0.40966, -0.175844, 0.647609, -0.650439, -0.188026, -0.469865
0.647699, -0.39219, -0.184667, 0.626555, -0.649796, -0.190812, -0.47367
0.67627, -0.37398, -0.193477, 0.604454, -0.649257, -0.193365, -0.477721
0.703815, -0.355319, -0.20166, 0.581143, -0.648181, -0.195532, -0.482317
0.729967, -0.33591, -0.209975, 0.556977, -0.647098, -0.197214, -0.487524
0.754886, -0.315984, -0.217707, 0.531888, -0.645935, -0.198904, -0.492791
0.778638, -0.294944, -0.225483, 0.505854, -0.644676, -0.199554, -0.498786
0.800041, -0.274289, -0.23278, 0.480119, -0.643629, -0.200034, -0.503792
0.819097, -0.254532, -0.23954, 0.454877, -0.642357, -0.200376, -0.509231
0.836373, -0.235245, -0.245342, 0.430054, -0.640891, -0.200308, -0.514588
0.851699, -0.216706, -0.250848, 0.40586, -0.639655, -0.199899, -0.519969
0.865057, -0.198874, -0.255931, 0.382917, -0.638471, -0.199145, -0.524457
0.876822, -0.18189, -0.260597, 0.360817, -0.637454, -0.198329, -0.528614
0.887166, -0.165616, -0.264901, 0.339611, -0.636549, -0.1974, -0.532838
0.896288, -0.150388, -0.268432, 0.319366, -0.635297, -0.196392, -0.536836
0.904208, -0.135955, -0.271637, 0.30023, -0.634324, -0.195037, -0.540821
0.910846, -0.122719, -0.274651, 0.282607, -0.633397, -0.193618, -0.544328
0.91659, -0.110342, -0.277341, 0.266025, -0.63264, -0.192301, -0.547412
0.921392, -0.0990348, -0.279709, 0.250983, -0.632041, -0.191093, -0.55018
0.92553, -0.0886784, -0.281614, 0.237115, -0.631264, -0.189845, -0.552841
0.928903, -0.0793891, -0.283532, 0.224603, -0.630855, -0.188598, -0.555114
0.931708, -0.0712195, -0.285084, 0.213484, -0.630344, -0.187466, -0.557143
0.933989, -0.0640384, -0.286435, 0.203759, -0.629957, -0.186493, -0.558883
0.935841, -0.0578966, -0.287457, 0.195493, -0.629625, -0.18572, -0.560397
0.937293, -0.0529006, -0.288275, 0.18863, -0.62916, -0.184939, -0.561538
0.938398, -0.0490132, -0.288856, 0.18322, -0.628776, -0.184301, -0.562489
0.939132, -0.0461232, -0.289389, 0.179326, -0.628683, -0.18387, -0.563172
0.939603, -0.0441922, -0.289699, 0.176829, -0.628611, -0.183569, -0.563444
0.939783, -0.0434319, -0.289942, 0.175658, -0.628633, -0.18341, -0.563777
0.939781, -0.0440846, -0.289822, 0.175703, -0.628574, -0.183232, -0.563774
0.939632, -0.0467319, -0.290017, 0.175494, -0.629191, -0.181806, -0.563921
0.93929, -0.0520152, -0.290459, 0.175104, -0.629991, -0.17825, -0.563805
0.938718, -0.0595923, -0.291218, 0.174496, -0.631406, -0.173306, -0.563579
0.937933, -0.069098, -0.292044, 0.17383, -0.632861, -0.167204, -0.563329
0.936755, -0.0808358, -0.293241, 0.173102, -0.634754, -0.159776, -0.562932
0.935153, -0.094845, -0.294864, 0.171899, -0.636675, -0.150598, -0.562363
0.933, -0.111022, -0.296796, 0.170581, -0.638711, -0.139723, -0.561758
0.930236, -0.129128, -0.299002, 0.169068, -0.640668, -0.127763, -0.561096
0.926675, -0.149423, -0.301562, 0.16735, -0.64213, -0.114243, -0.560343
0.922101, -0.17176, -0.304814, 0.165275, -0.643476, -0.0992509, -0.559291
0.916315, -0.195947, -0.30898, 0.162799, -0.644513, -0.0823771, -0.557835
0.909195, -0.22199, -0.31384, 0.159968, -0.644828, -0.0639554, -0.555757
0.900704, -0.249407, -0.319303, 0.156763, -0.644138, -0.0443826, -0.553401
0.890493, -0.278525, -0.325611, 0.153045, -0.642361, -0.0231501, -0.550696
0.878639, -0.308279, -0.33283, 0.148933, -0.639308, -0.00134268, -0.547283
0.866468, -0.335471, -0.340165, 0.144844, -0.635321, 0.0195173, -0.54359
0.85447, -0.359756, -0.34725, 0.140975, -0.630883, 0.0378418, -0.53988
0.842808, -0.381697, -0.353713, 0.137367, -0.625817, 0.0539748, -0.536002
0.831451, -0.401362, -0.360185, 0.133659, -0.620638, 0.0689904, -0.532522
0.820652, -0.418903, -0.366256, 0.130029, -0.615336, 0.0829975, -0.529126
0.810494, -0.434248, -0.372052, 0.126905, -0.610218, 0.0950676, -0.525833
0.801342, -0.447292, -0.377308, 0.124179, -0.605624, 0.105184, -0.5228
0.793084, -0.458573, -0.38202, 0.121607, -0.601305, 0.113945, -0.520145
0.785795, -0.46818, -0.386129, 0.119323, -0.597296, 0.121661, -0.517745
0.779584, -0.476026, -0.389695, 0.117412, -0.59391, 0.128203, -0.515778
0.774889, -0.481993, -0.392161, 0.115927, -0.59128, 0.132665, -0.51426
0.771289, -0.4863, -0.394282, 0.114751, -0.589159, 0.136147, -0.513258
0.76891, -0.489219, -0.395529, 0.114014, -0.587854, 0.138447, -0.512398
0.767846, -0.490549, -0.396053, 0.113651, -0.587171, 0.139614, -0.512188
0.76763, -0.49073, -0.395941, 0.11471, -0.587199, 0.139348, -0.512064
0.766257, -0.49115, -0.397012, 0.118332, -0.587853, 0.139146, -0.509778
0.763579, -0.491892, -0.399157, 0.125153, -0.589562, 0.139235, -0.505076
0.759576, -0.492903, -0.402315, 0.13503, -0.591831, 0.139734, -0.498102
0.754659, -0.494013, -0.405586, 0.148125, -0.594437, 0.13938, -0.489515
0.748413, -0.49506, -0.409806, 0.163865, -0.597352, 0.139605, -0.478934
0.740578, -0.496141, -0.414745, 0.182686, -0.601039, 0.139978, -0.46618
0.730792, -0.497547, -0.420264, 0.204372, -0.604495, 0.140917, -0.450832
0.719425, -0.498078, -0.426481, 0.229042, -0.608894, 0.14244, -0.433238
0.706125, -0.498536, -0.432616, 0.256306, -0.612742, 0.143997, -0.412883
0.690893, -0.498183, -0.438833, 0.286191, -0.616207, 0.146062, -0.390409
0.673301, -0.497138, -0.444971, 0.318622, -0.618955, 0.149027, -0.365347
0.653584, -0.494715, -0.45102, 0.353081, -0.62079, 0.153109, -0.337365
0.631131, -0.491037, -0.456679, 0.389873, -0.621495, 0.157966, -0.306836
0.608684, -0.486159, -0.461521, 0.424443, -0.621085, 0.163691, -0.275769
0.587259, -0.480764, -0.465146, 0.455666, -0.619127, 0.169713, -0.24756
0.567723, -0.475054, -0.467186, 0.483478, -0.616497, 0.175063, -0.222805
0.549878, -0.469105, -0.468186, 0.508308, -0.613511, 0.180145, -0.200325
0.533075, -0.463136, -0.469392, 0.530102, -0.609901, 0.185577, -0.179182
0.518163, -0.457443, -0.469913, 0.549031, -0.606134, 0.190626, -0.160353
0.505319, -0.452336, -0.469688, 0.565188, -0.602441, 0.195106, -0.14395
0.494387, -0.447755, -0.469236, 0.578718, -0.59923, 0.198686, -0.130769
0.485079, -0.443671, -0.468962, 0.589854, -0.596183, 0.202034, -0.11955
0.477744, -0.440276, -0.468791, 0.598458, -0.593579, 0.204818, -0.110134
0.472084, -0.437636, -0.468704, 0.60492, -0.591578, 0.20699, -0.103442
0.46876, -0.435945, -0.468263, 0.609053, -0.590395, 0.208118, -0.0993715
0.467218, -0.435243, -0.468034, 0.610913, -0.589834, 0.208588, -0.0974832
0.466812, -0.435542, -0.467753, 0.611226, -0.589811, 0.208771, -0.0977553
0.465425, -0.437173, -0.466907, 0.611766, -0.589834, 0.209084, -0.0990036
0.462373, -0.44009, -0.466065, 0.61263, -0.58971, 0.210722, -0.100406
0.457461, -0.444301, -0.465268, 0.613882, -0.589099, 0.213619, -0.101558
0.451356, -0.449623, -0.46398, 0.6155, -0.588259, 0.217078, -0.103357
0.443862, -0.456706, -0.461967, 0.617246, -0.587475, 0.220936, -0.106313
0.434915, -0.464755, -0.45975, 0.619259, -0.586367, 0.225452, -0.109936
0.424205, -0.474039, -0.45761, 0.621233, -0.584806, 0.231205, -0.11403
0.411785, -0.484118, -0.455477, 0.623381, -0.582716, 0.237488, -0.118383
0.397595, -0.495041, -0.453572, 0.6254, -0.580031, 0.244437, -0.123158
0.381952, -0.507036, -0.451413, 0.627099, -0.576681, 0.251909, -0.128504
0.364531, -0.51959, -0.449641, 0.628463, -0.572554, 0.260239, -0.134644
0.345005, -0.532597, -0.448432, 0.629461, -0.567445, 0.269119, -0.141275
0.323984, -0.545976, -0.447721, 0.629675, -0.561191, 0.278416, -0.147995
0.301266, -0.559339, -0.447782, 0.629182, -0.553788, 0.288297, -0.154935
0.276263, -0.572476, -0.448916, 0.628032, -0.544876, 0.29869, -0.1623
0.250061, -0.585175, -0.451028, 0.62579, -0.534389, 0.309183, -0.169433
0.221867, -0.597109, -0.454322, 0.622757, -0.522319, 0.319813, -0.176922
0.192633, -0.608014, -0.459242, 0.618311, -0.508453, 0.330595, -0.183989
0.161951, -0.61753, -0.465731, 0.612799, -0.492441, 0.341324, -0.190277
0.130043, -0.624936, -0.473804, 0.606674, -0.474576, 0.351828, -0.19648
0.0972354, -0.630032, -0.483919, 0.599522, -0.454792, 0.362238, -0.201094
0.0643666, -0.632682, -0.496066, 0.591177, -0.43299, 0.371686, -0.204916
0.0315043, -0.631941, -0.509994, 0.582721, -0.409799, 0.380458, -0.207324
0.00026557, -0.628485, -0.524829, 0.574073, -0.385864, 0.387661, -0.208004
-0.0291939, -0.621692, -0.540988, 0.565666, -0.361432, 0.394139, -0.206692
-0.0566535, -0.612105, -0.55787, 0.557582, -0.336887, 0.398928, -0.204235
-0.0822461, -0.599708, -0.575538, 0.549856, -0.31193, 0.40281, -0.199794
-0.106984, -0.584502, -0.593532, 0.542799, -0.287946, 0.403812, -0.194061
-0.128169, -0.56719, -0.61142, 0.536688, -0.262896, 0.404901, -0.185988
-0.147511, -0.546911, -0.629426, 0.531932, -0.238895, 0.404527, -0.17728
-0.164538, -0.524569, -0.646899, 0.528466, -0.215039, 0.403052, -0.16681
-0.179154, -0.49968, -0.664127, 0.526459, -0.1924, 0.400233, -0.15596
-0.191345, -0.472617, -0.680553, 0.526183, -0.171041, 0.39663, -0.14456
-0.200868, -0.444553, -0.695537, 0.527497, -0.150055, 0.391811, -0.132024
-0.208243, -0.414594, -0.709312, 0.530682, -0.130653, 0.38621, -0.119122
-0.21374, -0.383263, -0.72156, 0.535515, -0.111974, 0.37896, -0.105067
-0.216755, -0.351313, -0.73168, 0.542439, -0.0944963, 0.371484, -0.0910424
-0.217046, -0.318694, -0.740029, 0.551073, -0.0780973, 0.363321, -0.0767608
-0.214621, -0.286108, -0.745844, 0.561959, -0.0623656, 0.355568, -0.0621731
-0.211583, -0.252651, -0.749394, 0.574289, -0.0490873, 0.34572, -0.0484663
-0.206863, -0.219503, -0.750248, 0.588348, -0.0367439, 0.334985, -0.0346973
-0.200159, -0.18631, -0.748369, 0.604292, -0.0259755, 0.324319, -0.0215128
-0.192429, -0.154532, -0.743574, 0.62144, -0.0169225, 0.312545, -0.00868486
-0.182428, -0.123295, -0.735834, 0.640364, -0.00883847, 0.301173, 0.00366716
-0.171906, -0.0936955, -0.72515, 0.660172, -0.00125358, 0.288723, 0.0153256
-0.160399, -0.0647496, -0.710919, 0.68167, 0.00458943, 0.276672, 0.0256373
-0.147849, -0.0379453, -0.693576, 0.704026, 0.01024, 0.264162, 0.0360717
-0.135024, -0.0130208, -0.673318, 0.726802, 0.0142083, 0.251332, 0.044762
-0.121805, 0.00997942, -0.649794, 0.750221, 0.0171444, 0.238358, 0.0523734
-0.108222, 0.0303665, -0.623086, 0.774035, 0.0192966, 0.225663, 0.0589825
-0.0950004, 0.0486196, -0.593588, 0.797662, 0.0208055, 0.212354, 0.0644222
-0.0822381, 0.0638706, -0.560696, 0.821448, 0.021286, 0.198565, 0.068922
-0.0699711, 0.0764939, -0.525128, 0.844685, 0.0213514, 0.184828, 0.0722577
-0.0584431, 0.0861416, -0.487509, 0.86689, 0.0207717, 0.170787, 0.0741316
-0.0481503, 0.0925744, -0.4489, 0.887468, 0.0195144, 0.157077, 0.074742
-0.0392437, 0.09588, -0.410518, 0.905948, 0.0179801, 0.143983, 0.0740742
-0.0319094, 0.097126, -0.371802, 0.922665, 0.0163008, 0.131323, 0.0724779
-0.0255212, 0.0958088, -0.334353, 0.937218, 0.0143275, 0.119095, 0.0697931
-0.0204359, 0.0930037, -0.297819, 0.949861, 0.0124691, 0.107318, 0.0664045
-0.0166707, 0.0885092, -0.262458, 0.960731, 0.0104154, 0.0961263, 0.0620966
-0.0137623, 0.0829904, -0.228595, 0.96988, 0.00873656, 0.0853281, 0.0576168
-0.0120177, 0.0764498, -0.196386, 0.977468, 0.00706114, 0.0753166, 0.0525458
-0.010973, 0.0694893, -0.166069, 0.983602, 0.00554189, 0.0656696, 0.0470495
-0.0104557, 0.0618925, -0.138117, 0.988425, 0.00441011, 0.056636, 0.0416928
-0.0106282, 0.0539764, -0.111836, 0.992203, 0.00320309, 0.0482693, 0.036309
-0.0110709, 0.046396, -0.0880051, 0.994977, 0.00228408, 0.0403491, 0.0308516
-0.0115705, 0.0393656, -0.0666663, 0.996931, 0.0015567, 0.0333536, 0.0256417
-0.0122859, 0.031993, -0.0478128, 0.998268, 0.000863797, 0.0268506, 0.0206714
-0.0124683, 0.0254017, -0.0313622, 0.999107, 0.000475039, 0.0207879, 0.0159042
-0.0125231, 0.0188159, -0.0176926, 0.999588, 4.63909e-06, 0.0155537, 0.0115477
-0.0117356, 0.0131666, -0.00688797, 0.999821, 0.000107326, 0.0106771, 0.00791097
-0.0104362, 0.00828105, 0.00129779, 0.99991, 0.000162056, 0.00646917, 0.00452635
-0.0083206, 0.00354812, 0.00676071, 0.999936, 2.59888e-05, 0.00284411, 0.00160574
-0.00523092, -0.000150961, 0.00956785, 0.999941, 0.000291509, -0.000474277, -0.00083843
-0.00135828, -0.00354671, 0.00970183, 0.999946, 0.000615094, -0.0029911, -0.00277639
0.0035991, -0.00598448, 0.00707596, 0.999951, 0.0010078, -0.00503019, -0.00426324
0.00964346, -0.00813883, 0.00230296, 0.999918, 0.00104747, -0.00682667, -0.00550627
0.0166773, -0.00972293, -0.00529508, 0.9998, 0.00132552, -0.0085053, -0.00602881
0.0249387, -0.0107103, -0.0152355, 0.999515, 0.00162358, -0.00960056, -0.00637001
0.0342323, -0.0115088, -0.0274266, 0.998971, 0.00184082, -0.0104832, -0.00631954
0.0444935, -0.0117646, -0.041863, 0.998063, 0.00214316, -0.0114447, -0.00596521
