0.752187, 0.0878449, -0.102446, 0.644983, 0, 0, 0
0.746927, 0.110183, -0.121288, 0.644398, -0.00908661, -0.024013, 0.00441401
0.747816, 0.106421, -0.118328, 0.64455, -0.00174943, -0.000440533, 0.00424693
0.747356, 0.108163, -0.119903, 0.644502, -0.00153832, -0.000492738, 0.00509471
0.744367, 0.119423, -0.12898, 0.644221, -0.00389885, -0.000817798, 0.00803754
0.741168, 0.130441, -0.138444, 0.643808, -0.00480616, -0.000811529, 0.0105003
0.736774, 0.144966, -0.151142, 0.642889, -0.00674303, -0.000766099, 0.0140939
0.731317, 0.161813, -0.166346, 0.641344, -0.00863858, -0.000765983, 0.0183452
0.725872, 0.177296, -0.180465, 0.639616, -0.0105036, -0.000844003, 0.022087
0.718605, 0.196623, -0.198158, 0.63693, -0.0128294, -0.000971609, 0.0270953
0.711084, 0.214962, -0.215085, 0.633948, -0.0155581, -0.00110061, 0.0318475
0.70172, 0.23597, -0.234702, 0.629938, -0.0183965, -0.00125661, 0.0374488
0.691299, 0.257484, -0.255125, 0.625075, -0.0212916, -0.00138052, 0.0433326
0.679747, 0.279733, -0.276472, 0.619078, -0.024178, -0.00145694, 0.0493602
0.66703, 0.302311, -0.298415, 0.612068, -0.0274877, -0.00150303, 0.0553139
0.651172, 0.328037, -0.323961, 0.60284, -0.0281177, -0.00123138, 0.0629039
0.634976, 0.352151, -0.348242, 0.592894, -0.0274332, -0.000830075, 0.0702508
0.618738, 0.374364, -0.37102, 0.582545, -0.0304974, -0.000624348, 0.0760409
0.596909, 0.40154, -0.3996, 0.568142, -0.0278022, 0.000233926, 0.0849702
0.576225, 0.425022, -0.425125, 0.553706, -0.0266224, 0.00103548, 0.0927811
0.55353, 0.448584, -0.451202, 0.537395, -0.023647, 0.00201577, 0.101233
0.530328, 0.470446, -0.476334, 0.520133, -0.02003, 0.00317712, 0.109673
0.506459, 0.490985, -0.500691, 0.501739, -0.0165363, 0.00442313, 0.117882
-0.481555, -0.510493, 0.52457, -0.482005, -0.0119948, 0.00575727, 0.126364
-0.455999, -0.528565, 0.547779, -0.461111, -0.0073032, 0.00734581, 0.134686
-0.429873, -0.545384, 0.570049, -0.439099, -0.0022297, 0.00901137, 0.14281
-0.403064, -0.560847, 0.591533, -0.416027, 0.00340048, 0.0107709, 0.150811
-0.375722, -0.574906, 0.612138, -0.391921, 0.00892469, 0.0126952, 0.158344
-0.34792, -0.587707, 0.631761, -0.366647, 0.0145748, 0.0146566, 0.165681
-0.319644, -0.599018, 0.650468, -0.340437, 0.020299, 0.016714, 0.172723
-0.291222, -0.608926, 0.668017, -0.313294, 0.0258849, 0.0189269, 0.179119
-0.262494, -0.617588, 0.684376, -0.285153, 0.0318764, 0.0210934, 0.185223
-0.233615, -0.624713, 0.699591, -0.256378, 0.0374972, 0.0233075, 0.19081
-0.205409, -0.630354, 0.713266, -0.227403, 0.0427393, 0.025687, 0.195535
-0.178561, -0.634562, 0.725085, -0.199243, 0.0474711, 0.0277885, 0.198862
-0.151586, -0.637548, 0.735869, -0.170445, 0.052004, 0.0298799, 0.20193
-0.123996, -0.639596, 0.745525, -0.140481, 0.0569762, 0.0318982, 0.204817
-0.0953744, -0.640603, 0.754078, -0.109078, 0.06217, 0.033722, 0.207627
-0.0659903, -0.640406, 0.761363, -0.0764934, 0.0675107, 0.0353991, 0.209293
-0.0361788, -0.639104, 0.767067, -0.0429618, 0.0727096, 0.0368598, 0.209787
-0.00619843, -0.63656, 0.771148, -0.00914905, 0.0782361, 0.037995, 0.210057
0.0229156, -0.632814, 0.773596, 0.023885, 0.0835792, 0.0389202, 0.209567
0.050647, -0.628389, 0.774277, 0.0552899, 0.0886323, 0.039351, 0.207408
0.0769906, -0.623452, 0.773416, 0.0848968, 0.0934598, 0.0392636, 0.205069
0.10066, -0.618446, 0.771406, 0.111016, 0.0979025, 0.0386677, 0.20162
0.122646, -0.613564, 0.768425, 0.134239, 0.10235, 0.0375758, 0.198157
0.142124, -0.608923, 0.765034, 0.154068, 0.106538, 0.0360159, 0.194189
0.160263, -0.60475, 0.761056, 0.171425, 0.110649, 0.0341511, 0.190586
0.177292, -0.600888, 0.756776, 0.186522, 0.114697, 0.031936, 0.187368
0.194763, -0.59659, 0.752066, 0.201356, 0.118781, 0.0294978, 0.184725
0.213216, -0.591211, 0.746947, 0.216974, 0.122822, 0.027038, 0.18205
0.2333, -0.584727, 0.740942, 0.233818, 0.127236, 0.0244918, 0.179114
0.254533, -0.577154, 0.733986, 0.251735, 0.131802, 0.0217703, 0.175504
0.276947, -0.568122, 0.726116, 0.270727, 0.13666, 0.019036, 0.171651
0.300425, -0.557409, 0.717407, 0.290461, 0.141675, 0.0162686, 0.167853
0.324831, -0.54534, 0.707332, 0.311081, 0.146777, 0.0134735, 0.163918
0.350026, -0.53161, 0.695977, 0.332398, 0.151723, 0.01051, 0.159892
0.37574, -0.515794, 0.683587, 0.354239, 0.15699, 0.00767951, 0.155487
0.402227, -0.497867, 0.669566, 0.37686, 0.162281, 0.00478774, 0.151172
0.428712, -0.477956, 0.654405, 0.399397, 0.167385, 0.00181581, 0.146435
0.454883, -0.456307, 0.637996, 0.421696, 0.172197, -0.00121421, 0.141915
0.479768, -0.433202, 0.621055, 0.443225, 0.17679, -0.00411115, 0.137898
0.503459, -0.408853, 0.603471, 0.463887, 0.180946, -0.00683943, 0.134257
0.525949, -0.383577, 0.585094, 0.483643, 0.18465, -0.0095687, 0.130653
0.547188, -0.356655, 0.566452, 0.502508, 0.188232, -0.0122624, 0.127525
0.56713, -0.328858, 0.547067, 0.520513, 0.19156, -0.0147572, 0.124564
0.585657, -0.29994, 0.527057, 0.537822, 0.194482, -0.0173693, 0.1219
0.602752, -0.27008, 0.506693, 0.554084, 0.19751, -0.0199359, 0.119681
0.61826, -0.239259, 0.485807, 0.56965, 0.200231, -0.0224128, 0.117464
0.632324, -0.207792, 0.464353, 0.584265, 0.203044, -0.0248986, 0.115715
0.64467, -0.175528, 0.4426, 0.598077, 0.205422, -0.027432, 0.114076
0.655416, -0.14241, 0.420625, 0.61092, 0.207669, -0.0300513, 0.11303
0.664653, -0.108962, 0.398333, 0.622652, 0.210068, -0.0326021, 0.112113
0.67185, -0.0753183, 0.375865, 0.633775, 0.212322, -0.0352538, 0.111712
0.677414, -0.0417182, 0.353587, 0.643698, 0.214565, -0.0377881, 0.111687
0.681107, -0.00902758, 0.331573, 0.652741, 0.216805, -0.0402164, 0.11188
0.683175, 0.0225389, 0.310843, 0.660409, 0.218802, -0.0428151, 0.112091
0.683776, 0.0531043, 0.290275, 0.667361, 0.220658, -0.0452319, 0.112558
0.683051, 0.0816279, 0.271037, 0.673289, 0.222592, -0.0474911, 0.113316
0.68125, 0.108497, 0.25263, 0.678458, 0.224493, -0.0494508, 0.114262
0.67839, 0.133124, 0.235815, 0.682976, 0.226076, -0.0512343, 0.115477
0.67511, 0.155758, 0.220184, 0.686648, 0.227431, -0.05291, 0.116531
0.671325, 0.176016, 0.205956, 0.689871, 0.228544, -0.0543287, 0.117799
0.667616, 0.194055, 0.193418, 0.692257, 0.22965, -0.0555172, 0.118793
0.663771, 0.209867, 0.182442, 0.694319, 0.230614, -0.0565364, 0.119976
0.660069, 0.223458, 0.173145, 0.695986, 0.231509, -0.0572672, 0.121292
0.656826, 0.234618, 0.165518, 0.697236, 0.232951, -0.0576579, 0.122595
0.654113, 0.24371, 0.159482, 0.698074, 0.234232, -0.057866, 0.123699
0.651853, 0.250688, 0.155036, 0.698719, 0.235267, -0.057895, 0.124824
0.65009, 0.255648, 0.152282, 0.699169, 0.23657, -0.0575067, 0.126256
0.649059, 0.258751, 0.151438, 0.699169, 0.237564, -0.0569878, 0.127546
0.648935, 0.259868, 0.152034, 0.69874, 0.238757, -0.0563498, 0.128774
0.649481, 0.259144, 0.154205, 0.698026, 0.239505, -0.0557837, 0.129899
0.650464, 0.256794, 0.157949, 0.697141, 0.240336, -0.0549708, 0.131427
0.652303, 0.252605, 0.163303, 0.695718, 0.240717, -0.0540397, 0.13289
0.654819, 0.246653, 0.170191, 0.693837, 0.240736, -0.0531393, 0.134337
0.657768, 0.239614, 0.178536, 0.691413, 0.239507, -0.0521985, 0.135675
0.661153, 0.2309, 0.188568, 0.68848, 0.238122, -0.0510748, 0.137039
0.665069, 0.220671, 0.199948, 0.684842, 0.235886, -0.0500169, 0.138213
0.669241, 0.208735, 0.212584, 0.680702, 0.233443, -0.0487738, 0.139612
0.673631, 0.196004, 0.226157, 0.675763, 0.23147, -0.0472097, 0.141325
0.678384, 0.180886, 0.241409, 0.669923, 0.227851, -0.045458, 0.142668
0.683047, 0.164895, 0.257489, 0.663292, 0.224791, -0.0435022, 0.144182
0.687702, 0.147359, 0.274709, 0.655657, 0.220528, -0.0411008, 0.145577
0.692312, 0.128593, 0.292995, 0.646778, 0.216514, -0.0386246, 0.147087
0.696582, 0.107778, 0.3127, 0.636692, 0.211175, -0.0358065, 0.148576
0.700238, 0.0855453, 0.333319, 0.625497, 0.204887, -0.032573, 0.150186
0.703449, 0.0614639, 0.354907, 0.612718, 0.198177, -0.028551, 0.151807
0.705772, 0.0358582, 0.377522, 0.598396, 0.191153, -0.0240053, 0.153743
0.707169, 0.00858916, 0.400866, 0.582361, 0.183271, -0.0188567, 0.155983
0.707403, -0.0200577, 0.424511, 0.564774, 0.175346, -0.0130312, 0.158508
0.706378, -0.0502497, 0.448762, 0.545085, 0.167089, -0.00646092, 0.16168
0.703799, -0.0816609, 0.473345, 0.523396, 0.158818, 0.000744551, 0.165389
0.699489, -0.114209, 0.497614, 0.500052, 0.150707, 0.00860541, 0.169938
0.693635, -0.1463, 0.520986, 0.475437, 0.143107, 0.016716, 0.174827
0.686277, -0.178299, 0.543008, 0.449861, 0.136192, 0.024864, 0.180261
0.677192, -0.209779, 0.563807, 0.423704, 0.129963, 0.0334966, 0.186102
0.666525, -0.240706, 0.583471, 0.396695, 0.124953, 0.0425524, 0.192531
0.654558, -0.270982, 0.601728, 0.368844, 0.121489, 0.0517885, 0.199211
0.640537, -0.301423, 0.61935, 0.339502, 0.118125, 0.0608931, 0.206327
0.625883, -0.329956, 0.634924, 0.310276, 0.116922, 0.0701578, 0.213869
0.609436, -0.358186, 0.649462, 0.280161, 0.116332, 0.0794409, 0.221636
0.591546, -0.385537, 0.662775, 0.249325, 0.116982, 0.0886927, 0.229712
0.572251, -0.412084, 0.67472, 0.217872, 0.118281, 0.0978473, 0.238095
0.551911, -0.437305, 0.685337, 0.185665, 0.120057, 0.106558, 0.246439
0.529965, -0.461756, 0.694616, 0.153059, 0.122795, 0.11531, 0.255057
0.506724, -0.485149, 0.702417, 0.120297, 0.126744, 0.124106, 0.263852
0.482923, -0.507031, 0.708701, 0.0862959, 0.129618, 0.131681, 0.272669
0.457388, -0.527892, 0.713652, 0.0531716, 0.134141, 0.140032, 0.281631
0.431037, -0.547367, 0.717084, 0.0196641, 0.139389, 0.148025, 0.290745
0.404711, -0.565213, 0.718707, -0.0142748, 0.144598, 0.154844, 0.299856
0.37646, -0.582047, 0.719213, -0.0472468, 0.151143, 0.162246, 0.308777
0.348032, -0.597306, 0.717949, -0.0815395, 0.15639, 0.168393, 0.317707
0.318877, -0.61111, 0.715229, -0.115365, 0.161139, 0.173891, 0.326171
0.289134, -0.623511, 0.71082, -0.14957, 0.164374, 0.17838, 0.334301
0.259608, -0.634362, 0.704819, -0.182807, 0.166664, 0.182387, 0.342586
0.228829, -0.64368, 0.697761, -0.215509, 0.171667, 0.187147, 0.350386
0.197664, -0.651421, 0.689335, -0.247784, 0.177559, 0.19148, 0.357891
0.166658, -0.657887, 0.679229, -0.27939, 0.185564, 0.19487, 0.365413
0.135682, -0.662792, 0.667527, -0.310974, 0.191309, 0.196574, 0.372465
-0.104022, 0.66597, -0.654627, 0.342239, 0.197286, 0.197892, 0.378468
-0.0724223, 0.667757, -0.640483, 0.37234, 0.20355, 0.198404, 0.383962
-0.0409319, 0.667771, -0.625025, 0.402182, 0.209542, 0.198605, 0.388773
-0.00974588, 0.666224, -0.608279, 0.431332, 0.214611, 0.198094, 0.392988
0.0208587, 0.663261, -0.590247, 0.459628, 0.218936, 0.19683, 0.396682
0.0518136, 0.658807, -0.571615, 0.486359, 0.225991, 0.196013, 0.39945
0.0815859, 0.653065, -0.551038, 0.513037, 0.23109, 0.193589, 0.401928
0.110838, 0.645838, -0.529497, 0.53874, 0.235433, 0.190409, 0.403474
0.139965, 0.637123, -0.507563, 0.562907, 0.240782, 0.187468, 0.404159
0.167583, 0.627418, -0.484027, 0.586499, 0.245253, 0.183398, 0.404603
0.195258, 0.616089, -0.459894, 0.608939, 0.249299, 0.179118, 0.404227
0.220966, 0.604132, -0.433801, 0.630885, 0.25115, 0.173145, 0.403328
0.246987, 0.589766, -0.405849, 0.653039, 0.249324, 0.166314, 0.400346
0.270134, 0.576251, -0.378293, 0.672203, 0.249798, 0.159486, 0.398336
0.293335, 0.560929, -0.350237, 0.690396, 0.251388, 0.152791, 0.394438
0.315512, 0.544569, -0.32164, 0.707421, 0.253522, 0.14585, 0.389934
0.33664, 0.527215, -0.292256, 0.723398, 0.255658, 0.138423, 0.384866
0.356933, 0.508833, -0.262521, 0.738086, 0.257862, 0.130961, 0.379156
0.375914, 0.48984, -0.231768, 0.751684, 0.25911, 0.122957, 0.373107
0.393545, 0.470607, -0.201563, 0.76356, 0.261674, 0.11532, 0.366594
0.410383, 0.450258, -0.170269, 0.774508, 0.264022, 0.107516, 0.35947
0.425771, 0.429463, -0.138576, 0.784269, 0.265618, 0.0992591, 0.352117
0.439906, 0.408299, -0.106547, 0.792731, 0.266948, 0.0908879, 0.344316
0.452687, 0.386877, -0.0740233, 0.799951, 0.267677, 0.0822186, 0.336078
0.464353, 0.365093, -0.0408119, 0.805865, 0.267433, 0.0730448, 0.327642
0.474695, 0.343285, -0.00742994, 0.810411, 0.266512, 0.0637251, 0.318785
0.48377, 0.321535, 0.0258843, 0.813579, 0.265292, 0.0545762, 0.309427
0.491784, 0.299909, 0.0593245, 0.815281, 0.263912, 0.0454791, 0.299628
0.498744, 0.278259, 0.0929685, 0.815588, 0.262269, 0.0364114, 0.289513
0.504532, 0.257142, 0.126004, 0.814524, 0.260615, 0.0276303, 0.279402
0.509292, 0.235695, 0.159276, 0.812219, 0.25874, 0.0188577, 0.268834
0.513138, 0.214967, 0.19009, 0.808915, 0.257142, 0.0110405, 0.258101
0.51583, 0.195895, 0.219675, 0.804542, 0.255865, 0.00400308, 0.248555
0.517901, 0.177557, 0.247943, 0.799235, 0.254476, -0.0026208, 0.23926
0.519317, 0.160835, 0.274351, 0.793204, 0.252903, -0.00915668, 0.230363
0.520024, 0.144584, 0.299817, 0.786626, 0.25092, -0.0152902, 0.221581
0.520092, 0.129645, 0.323422, 0.779805, 0.249149, -0.020897, 0.213055
0.519844, 0.116399, 0.344984, 0.772787, 0.247627, -0.0260135, 0.204679
0.51919, 0.103711, 0.365145, 0.765738, 0.246108, -0.0307145, 0.196757
0.518201, 0.0922611, 0.383634, 0.758802, 0.24486, -0.034844, 0.189095
0.517031, 0.0816505, 0.40069, 0.75197, 0.243645, -0.0384751, 0.182267
0.516127, 0.0719906, 0.416062, 0.7452, 0.242556, -0.0418617, 0.17569
0.514725, 0.0638866, 0.430309, 0.73879, 0.240438, -0.0447133, 0.170367
0.513707, 0.0562226, 0.443064, 0.732556, 0.238682, -0.0473129, 0.165003
0.512528, 0.0493837, 0.45453, 0.726828, 0.237394, -0.0495373, 0.160339
0.511315, 0.0440491, 0.464904, 0.721444, 0.235493, -0.0515776, 0.1565
0.510467, 0.0382991, 0.473217, 0.716953, 0.234894, -0.0531048, 0.152527
0.509758, 0.033822, 0.480392, 0.712899, 0.234871, -0.0542209, 0.149327
0.508646, 0.030549, 0.48677, 0.709508, 0.233794, -0.0552213, 0.147195
0.508372, 0.0278092, 0.49134, 0.706661, 0.232733, -0.0565651, 0.14495
0.50935, 0.0244192, 0.492964, 0.704949, 0.233153, -0.057885, 0.142969
0.511371, 0.0214523, 0.491942, 0.704296, 0.232799, -0.0600182, 0.141768
0.515056, 0.0177063, 0.487517, 0.704792, 0.231685, -0.0634993, 0.14109
0.521001, 0.0132081, 0.479942, 0.705719, 0.228897, -0.0692786, 0.139402
0.528594, 0.0081283, 0.470051, 0.706806, 0.223958, -0.0770854, 0.136782
0.537489, 0.00175679, 0.457819, 0.70817, 0.21743, -0.0862683, 0.134129
0.547821, -0.00531556, 0.443498, 0.709347, 0.208228, -0.0972119, 0.129934
0.559812, -0.0137155, 0.426591, 0.710241, 0.19746, -0.109306, 0.12545
0.572943, -0.0229868, 0.407189, 0.710918, 0.185118, -0.12217, 0.121114
0.587105, -0.0331073, 0.38529, 0.71117, 0.170675, -0.135386, 0.116276
0.602394, -0.0443072, 0.360343, 0.710853, 0.153748, -0.148923, 0.111369
0.61856, -0.0561833, 0.332931, 0.709495, 0.133949, -0.162359, 0.105604
0.635573, -0.0686284, 0.302409, 0.707026, 0.11172, -0.175148, 0.100418
0.653204, -0.0816108, 0.268942, 0.70309, 0.0864057, -0.187168, 0.0950421
0.671022, -0.0949688, 0.232761, 0.697519, 0.0582147, -0.197692, 0.0893592
0.689054, -0.108559, 0.193318, 0.689962, 0.0265022, -0.206091, 0.084124
0.707026, -0.122418, 0.150788, 0.679994, -0.00834101, -0.212186, 0.0794724
0.724577, -0.135996, 0.105686, 0.667326, -0.0453982, -0.215169, 0.0756389
0.741253, -0.149421, 0.0589045, 0.651727, -0.0848089, -0.214727, 0.073161
0.755625, -0.160878, 0.0141482, 0.634782, -0.12319, -0.210883, 0.0727908
0.7676, -0.170102, -0.0273596, 0.617339, -0.157973, -0.204539, 0.0738472
0.777844, -0.177604, -0.0662092, 0.599193, -0.190443, -0.19622, 0.0760375
0.786304, -0.184268, -0.102459, 0.580753, -0.221224, -0.186428, 0.0793306
0.793005, -0.189775, -0.1362, 0.562653, -0.248069, -0.175696, 0.0840915
0.798328, -0.193956, -0.166809, 0.545186, -0.272778, -0.164885, 0.0897498
0.802923, -0.196794, -0.194068, 0.528133, -0.294558, -0.154576, 0.0955777
0.806656, -0.199232, -0.219111, 0.511472, -0.313936, -0.144355, 0.10184
0.809564, -0.200864, -0.241296, 0.49602, -0.330074, -0.134575, 0.109016
0.811785, -0.202143, -0.260733, 0.481831, -0.343492, -0.125881, 0.115836
0.81397, -0.203188, -0.276536, 0.468716, -0.354782, -0.11846, 0.12244
0.816096, -0.204195, -0.288528, 0.457213, -0.362781, -0.113146, 0.127988
0.818005, -0.204822, -0.296666, 0.448224, -0.368981, -0.11032, 0.131668
0.82072, -0.205704, -0.299734, 0.440753, -0.372224, -0.109414, 0.133896
0.823718, -0.20741, -0.298398, 0.435233, -0.371889, -0.111058, 0.134536
0.827294, -0.210764, -0.292944, 0.43052, -0.364867, -0.115621, 0.134973
0.830612, -0.214848, -0.285252, 0.427265, -0.355022, -0.122789, 0.133158
0.834288, -0.219082, -0.274547, 0.424959, -0.344085, -0.130969, 0.129494
0.838036, -0.224301, -0.261312, 0.423203, -0.331628, -0.139874, 0.124512
0.842066, -0.230297, -0.246186, 0.421048, -0.318364, -0.148935, 0.118362
0.846265, -0.237175, -0.229783, 0.418071, -0.304767, -0.157793, 0.111166
0.850769, -0.244995, -0.212006, 0.41379, -0.289658, -0.166805, 0.102917
0.855332, -0.254216, -0.192925, 0.40812, -0.273414, -0.175692, 0.0936941
0.85995, -0.264183, -0.173071, 0.400924, -0.256023, -0.184196, 0.0840012
0.864395, -0.275882, -0.152196, 0.39185, -0.237121, -0.192092, 0.0735382
0.86856, -0.288892, -0.131195, 0.3807, -0.21758, -0.19925, 0.0625181
0.872578, -0.303808, -0.109385, 0.36653, -0.195183, -0.20556, 0.0510559
0.875851, -0.319588, -0.0884191, 0.350614, -0.172437, -0.210787, 0.0396733
0.878039, -0.334921, -0.0700473, 0.334618, -0.151258, -0.214388, 0.0293312
0.879231, -0.350436, -0.0542287, 0.318129, -0.131651, -0.216439, 0.0195662
0.879493, -0.365573, -0.0405747, 0.301996, -0.11303, -0.217461, 0.010566
0.879197, -0.379665, -0.0284268, 0.286461, -0.0955592, -0.217318, 0.0026735
0.878287, -0.393214, -0.0186967, 0.271376, -0.0790948, -0.216322, -0.00465151
0.87688, -0.406245, -0.0106618, 0.256773, -0.0642922, -0.214858, -0.011335
0.875145, -0.41815, -0.00424431, 0.243422, -0.0506894, -0.212876, -0.017172
0.873071, -0.429219, 0.00094598, 0.231338, -0.037522, -0.210454, -0.0223698
0.870956, -0.438979, 0.00487435, 0.2207, -0.0262816, -0.208042, -0.0268935
0.868911, -0.447642, 0.00797619, 0.21106, -0.0163088, -0.205667, -0.0308077
0.867096, -0.454664, 0.0104964, 0.203259, -0.00771951, -0.203689, -0.0340619
0.865642, -0.459808, 0.012378, 0.197705, -0.000383668, -0.202248, -0.0367779
0.864615, -0.463527, 0.0141033, 0.19335, 0.00559896, -0.201456, -0.0388355
0.863983, -0.465658, 0.0157146, 0.190915, 0.0105453, -0.201584, -0.0401932
0.863884, -0.466178, 0.0173284, 0.189955, 0.0148055, -0.202592, -0.040909
0.864285, -0.465084, 0.0193309, 0.190618, 0.0183445, -0.204847, -0.0408583
0.865328, -0.462168, 0.0215389, 0.19273, 0.0210011, -0.208212, -0.04011
0.866811, -0.457746, 0.0238736, 0.196308, 0.0229901, -0.212936, -0.038762
0.868801, -0.451681, 0.0267191, 0.201138, 0.0244721, -0.218971, -0.0367786
0.871143, -0.444005, 0.0301201, 0.207513, 0.025736, -0.226338, -0.0340835
0.873925, -0.434647, 0.0336785, 0.21495, 0.0265894, -0.234968, -0.0310509
0.876771, -0.423973, 0.037557, 0.223851, 0.0269697, -0.244982, -0.0276414
0.879657, -0.411853, 0.0417882, 0.234169, 0.0267996, -0.255682, -0.0240904
0.882496, -0.398404, 0.0461354, 0.245654, 0.0266493, -0.267615, -0.0198848
0.885138, -0.383719, 0.0504061, 0.258358, 0.0265838, -0.280256, -0.0151643
0.887486, -0.367681, 0.054531, 0.272406, 0.0262746, -0.29406, -0.00985465
0.889304, -0.350612, 0.0583836, 0.287754, 0.0256054, -0.308634, -0.00425902
0.890546, -0.3324, 0.0615353, 0.304387, 0.0248153, -0.32364, 0.00213308
0.891046, -0.312973, 0.0641949, 0.322433, 0.0237776, -0.33947, 0.00930251
0.89068, -0.292415, 0.0657269, 0.341853, 0.022354, -0.3558, 0.017151
0.889236, -0.271269, 0.0662846, 0.362324, 0.0204872, -0.372228, 0.0256124
0.886614, -0.248945, 0.0652858, 0.384293, 0.0184453, -0.38895, 0.0349891
0.882672, -0.226031, 0.0630647, 0.407215, 0.0156922, -0.405914, 0.045288
0.877251, -0.202585, 0.0590001, 0.431171, 0.0124844, -0.422277, 0.0563066
0.870214, -0.178858, 0.0531012, 0.455979, 0.00840996, -0.438424, 0.0685558
0.861807, -0.155605, 0.0455209, 0.480627, 0.00375401, -0.453535, 0.0813863
0.852178, -0.133114, 0.0359783, 0.504756, -0.000754024, -0.466891, 0.0941007
0.841366, -0.111218, 0.0242826, 0.528342, -0.00532731, -0.478899, 0.10715
0.829544, -0.0898323, 0.0106814, 0.551065, -0.0102886, -0.489245, 0.120453
0.816681, -0.0686459, -0.0052341, 0.572968, -0.0147064, -0.497172, 0.133127
0.803482, -0.0480847, -0.0228024, 0.592945, -0.0196342, -0.503969, 0.146133
0.789496, -0.0279496, -0.0422085, 0.611664, -0.0244559, -0.508663, 0.159275
0.775493, -0.00823216, -0.063132, 0.628138, -0.0294993, -0.51201, 0.172039
0.761272, 0.0111878, -0.0853956, 0.642688, -0.0344927, -0.51394, 0.184777
0.747362, 0.029981, -0.108608, 0.654794, -0.0389773, -0.514547, 0.196827
0.733698, 0.0484393, -0.132311, 0.664707, -0.0433334, -0.513972, 0.209028
0.720314, 0.066801, -0.156762, 0.672392, -0.0470339, -0.512278, 0.220921
0.707487, 0.0845895, -0.181266, 0.677827, -0.0498765, -0.509754, 0.232318
0.695004, 0.102345, -0.205924, 0.681241, -0.0521692, -0.506704, 0.243129
0.683304, 0.119973, -0.229803, 0.682564, -0.0538142, -0.503616, 0.252854
0.672077, 0.137561, -0.253626, 0.681956, -0.0544859, -0.50002, 0.262679
0.661379, 0.155472, -0.277139, 0.679412, -0.0543868, -0.496281, 0.272351
0.650841, 0.173413, -0.300264, 0.675408, -0.0533535, -0.492615, 0.281397
0.640278, 0.191735, -0.323283, 0.669903, -0.0517164, -0.488988, 0.29017
0.629836, 0.210327, -0.346097, 0.662787, -0.0495587, -0.485317, 0.299418
0.61898, 0.229385, -0.368831, 0.654377, -0.0471248, -0.481656, 0.308781
0.607019, 0.249312, -0.392738, 0.644304, -0.0442663, -0.477944, 0.318278
0.593601, 0.269617, -0.417841, 0.632735, -0.0408489, -0.473917, 0.327978
0.57859, 0.289689, -0.443687, 0.620045, -0.0370572, -0.46969, 0.337656
0.56221, 0.310029, -0.470375, 0.605434, -0.0331131, -0.465165, 0.347589
0.545378, 0.329504, -0.496673, 0.589327, -0.0287093, -0.460413, 0.357482
0.527519, 0.348285, -0.522723, 0.571998, -0.0239935, -0.455536, 0.366977
0.50897, 0.366275, -0.548378, 0.553239, -0.0188807, -0.450602, 0.376082
0.490137, 0.383056, -0.573055, 0.533518, -0.0138725, -0.445725, 0.384532
0.470478, 0.398872, -0.59725, 0.512684, -0.00879632, -0.440835, 0.392601
-0.449964, -0.413752, 0.620934, -0.490697, -0.00348031, -0.435742, 0.400179
-0.429303, -0.427298, 0.643577, -0.467892, 0.00171891, -0.430755, 0.40712
-0.4081, -0.440014, 0.665499, -0.443795, 0.00705427, -0.425804, 0.413672
-0.386581, -0.451684, 0.686381, -0.418829, 0.0121554, -0.420987, 0.41965
-0.364954, -0.461982, 0.706235, -0.393208, 0.016748, -0.416252, 0.425036
-0.342912, -0.471271, 0.725386, -0.366239, 0.0212587, -0.411456, 0.429943
-0.320636, -0.479554, 0.743284, -0.338747, 0.0256021, -0.406736, 0.434373
-0.297855, -0.486895, 0.760394, -0.309865, 0.0304538, -0.402169, 0.438465
-0.275274, -0.493109, 0.776352, -0.279903, 0.0350911, -0.397677, 0.442225
-0.252697, -0.49816, 0.790951, -0.249757, 0.0391746, -0.393362, 0.445489
-0.230063, -0.502022, 0.804449, -0.218875, 0.0429399, -0.389192, 0.448485
-0.207596, -0.504839, 0.816741, -0.187016, 0.0464488, -0.38507, 0.451267
-0.185313, -0.506765, 0.8276, -0.15468, 0.0494917, -0.38115, 0.453647
-0.162987, -0.507709, 0.83715, -0.121846, 0.0519206, -0.377413, 0.455634
-0.140769, -0.507614, 0.8454, -0.0883757, 0.0539624, -0.37373, 0.457397
-0.118802, -0.506466, 0.852285, -0.0546708, 0.0554526, -0.370138, 0.459015
-0.0973379, -0.504336, 0.857762, -0.020377, 0.0566343, -0.366657, 0.460448
-0.0761871, -0.501424, 0.861726, 0.0140572, 0.0573093, -0.363325, 0.461703
-0.0553604, -0.497679, 0.864207, 0.0489523, 0.0577002, -0.360119, 0.462818
-0.0347353, -0.492853, 0.865347, 0.0840522, 0.057604, -0.3568, 0.463889
-0.0150867, -0.487205, 0.864982, 0.119204, 0.057208, -0.353655, 0.465065
0.00436871, -0.480875, 0.86303, 0.154656, 0.0560751, -0.350418, 0.466284
0.0236225, -0.473797, 0.859491, 0.190352, 0.0543867, -0.347195, 0.467461
0.0418955, -0.466136, 0.854466, 0.225499, 0.0522326, -0.344031, 0.468751
0.0600607, -0.457443, 0.847964, 0.260949, 0.0494965, -0.340642, 0.470144
0.0773267, -0.448156, 0.839967, 0.296028, 0.0463277, -0.337085, 0.471705
0.093001, -0.438427, 0.830758, 0.330112, 0.0436795, -0.333786, 0.473223
0.108994, -0.428033, 0.819654, 0.364794, 0.0401082, -0.330238, 0.474969
0.123865, -0.41736, 0.807172, 0.398675, 0.0364451, -0.326684, 0.476888
0.138814, -0.405868, 0.793079, 0.432467, 0.0317648, -0.322448, 0.47881
0.152232, -0.394266, 0.778172, 0.464573, 0.0268527, -0.318262, 0.481211
0.163565, -0.383444, 0.762156, 0.495312, 0.0229188, -0.315026, 0.484286
0.174223, -0.372766, 0.745988, 0.523635, 0.0188971, -0.31182, 0.487199
0.183988, -0.362248, 0.729612, 0.550083, 0.0147243, -0.308425, 0.489983
0.192791, -0.352069, 0.713368, 0.574443, 0.0102719, -0.304776, 0.493081
0.200628, -0.342319, 0.697447, 0.59677, 0.00571666, -0.300965, 0.496215
0.207495, -0.33318, 0.682032, 0.617066, 0.00151526, -0.297254, 0.499331
0.213589, -0.324586, 0.667278, 0.635424, -0.00240898, -0.293518, 0.50237
0.218726, -0.316634, 0.653493, 0.651804, -0.00594547, -0.289911, 0.505447
0.223478, -0.30931, 0.640343, 0.666592, -0.00949986, -0.286249, 0.508664
0.227185, -0.302784, 0.628651, 0.679343, -0.0125165, -0.282639, 0.511729
0.230129, -0.296909, 0.618319, 0.690338, -0.0151873, -0.27921, 0.514764
0.23228, -0.291741, 0.609376, 0.69971, -0.0174609, -0.27596, 0.517718
0.233881, -0.287307, 0.60193, 0.707414, -0.0194064, -0.272841, 0.520491
0.234629, -0.28367, 0.596126, 0.713522, -0.0208291, -0.270029, 0.523025
0.234772, -0.280739, 0.592093, 0.717979, -0.0218833, -0.267443, 0.525468
0.234361, -0.278463, 0.589613, 0.721034, -0.0226107, -0.265006, 0.527804
0.233548, -0.276891, 0.58894, 0.722452, -0.023175, -0.262567, 0.530119
0.231928, -0.276069, 0.59017, 0.722284, -0.0233657, -0.260447, 0.53226
0.229722, -0.275837, 0.592969, 0.720784, -0.0231976, -0.258541, 0.534287
0.227043, -0.276257, 0.597631, 0.717614, -0.0227805, -0.256732, 0.536245
0.223692, -0.277243, 0.603919, 0.713008, -0.0219631, -0.255112, 0.538095
0.219652, -0.278805, 0.61198, 0.706754, -0.0208781, -0.253603, 0.539775
0.215117, -0.280889, 0.621556, 0.698924, -0.0195463, -0.252167, 0.541468
0.209977, -0.283429, 0.632613, 0.689477, -0.0179813, -0.250802, 0.543172
0.204439, -0.286401, 0.644982, 0.678363, -0.0162204, -0.249425, 0.545005
0.19822, -0.289797, 0.658647, 0.665515, -0.0141621, -0.24817, 0.546691
0.191567, -0.29352, 0.673408, 0.650899, -0.011971, -0.246854, 0.5485
0.183595, -0.297335, 0.689477, 0.634433, -0.00948221, -0.245589, 0.550056
0.175242, -0.301381, 0.706151, 0.616288, -0.00699909, -0.244023, 0.551986
0.16639, -0.305647, 0.72346, 0.596239, -0.00443472, -0.242268, 0.5541
0.157104, -0.310043, 0.741251, 0.574229, -0.00162412, -0.240441, 0.556308
0.147803, -0.314381, 0.759507, 0.549971, 0.00068684, -0.238065, 0.558678
0.137308, -0.318818, 0.777861, 0.523864, 0.00326257, -0.235401, 0.561081
0.126792, -0.323232, 0.795905, 0.495964, 0.00542677, -0.2322, 0.564015
0.115381, -0.327489, 0.813762, 0.46608, 0.00768588, -0.228992, 0.567213
0.102699, -0.331415, 0.830867, 0.435061, 0.0108582, -0.226517, 0.570634
0.089813, -0.335037, 0.847304, 0.402193, 0.0138855, -0.223658, 0.574121
0.0763251, -0.338178, 0.862886, 0.367747, 0.0167713, -0.22051, 0.577819
0.062683, -0.340889, 0.877472, 0.331525, 0.0192433, -0.216966, 0.581685
0.0487241, -0.343149, 0.890745, 0.294019, 0.0213162, -0.213181, 0.585756
0.0343442, -0.344899, 0.90262, 0.255228, 0.023142, -0.209067, 0.589968
0.0197472, -0.345938, 0.913016, 0.215264, 0.024483, -0.204769, 0.594357
0.00500398, -0.346432, 0.921747, 0.174192, 0.0253633, -0.200278, 0.598683
-0.0100007, -0.346298, 0.928695, 0.132302, 0.026029, -0.195583, 0.602876
-0.0249292, -0.345489, 0.933771, 0.0899309, 0.0262605, -0.190727, 0.607144
-0.0398593, -0.343889, 0.936971, 0.0473066, 0.0261085, -0.185906, 0.61138
-0.0546005, -0.341726, 0.938202, 0.00443328, 0.025343, -0.180986, 0.615562
-0.0688813, -0.338969, 0.937506, -0.0379225, 0.0242131, -0.176219, 0.619543
-0.083283, -0.335621, 0.93482, -0.0808326, 0.022611, -0.171291, 0.623524
-0.0971444, -0.331622, 0.930391, -0.122318, 0.020906, -0.166672, 0.627265
-0.110661, -0.327072, 0.924154, -0.163458, 0.0188781, -0.162145, 0.630728
-0.124029, -0.321941, 0.916161, -0.204011, 0.0164274, -0.157653, 0.634131
-0.136496, -0.316571, 0.90682, -0.242549, 0.0137911, -0.153475, 0.637259
-0.148487, -0.31079, 0.895926, -0.280497, 0.0106002, -0.149532, 0.640174
-0.160232, -0.304413, 0.883786, -0.317144, 0.00743561, -0.146022, 0.642904
-0.170928, -0.298074, 0.870841, -0.351526, 0.0043094, -0.142912, 0.645277
-0.180921, -0.291547, 0.856968, -0.384544, 0.000805369, -0.140046, 0.647475
-0.190553, -0.284895, 0.84223, -0.416141, -0.00330312, -0.137331, 0.649543
-0.19909, -0.27856, 0.827415, -0.445143, -0.00701851, -0.13503, 0.65127
-0.206997, -0.272243, 0.812299, -0.472448, -0.010664, -0.13307, 0.652858
-0.21416, -0.266049, 0.797309, -0.497646, -0.0140073, -0.131624, 0.654344
0.220583, 0.260246, -0.782414, 0.521003, -0.0175281, -0.130367, 0.655358
0.226402, 0.254655, -0.767722, 0.542674, -0.0212311, -0.129298, 0.656204
0.232381, 0.248661, -0.753677, 0.562261, -0.023444, -0.127963, 0.656339
0.237387, 0.243161, -0.74009, 0.580334, -0.0257855, -0.127059, 0.656667
0.241855, 0.238021, -0.726907, 0.597041, -0.0281858, -0.126558, 0.656869
0.245647, 0.23333, -0.714733, 0.611859, -0.0305875, -0.126497, 0.656959
0.248817, 0.229229, -0.703488, 0.625019, -0.0330477, -0.126486, 0.656997
0.251542, 0.225493, -0.693271, 0.636597, -0.0352571, -0.126697, 0.656964
0.25388, 0.222299, -0.684533, 0.646176, -0.0370332, -0.127092, 0.656832
0.255683, 0.219692, -0.677192, 0.654043, -0.0388382, -0.127499, 0.656856
0.257078, 0.217751, -0.671609, 0.659877, -0.0402438, -0.127635, 0.657162
0.258154, 0.216246, -0.667528, 0.664079, -0.0413291, -0.127379, 0.657695
0.259242, 0.215706, -0.665062, 0.666301, -0.0419861, -0.127188, 0.658536
0.260681, 0.216026, -0.663935, 0.66676, -0.0421372, -0.126802, 0.65967
0.26245, 0.216946, -0.663652, 0.666049, -0.0416866, -0.125979, 0.661453
0.264615, 0.218427, -0.66407, 0.664289, -0.0408491, -0.124106, 0.664124
0.267565, 0.22048, -0.664814, 0.66168, -0.0395927, -0.121338, 0.667891
0.271375, 0.222629, -0.665705, 0.658505, -0.038523, -0.117184, 0.672521
0.276538, 0.225784, -0.66672, 0.654242, -0.0363424, -0.112371, 0.678605
0.282394, 0.229764, -0.667905, 0.649127, -0.0340026, -0.106568, 0.685249
0.288254, 0.234646, -0.669695, 0.64293, -0.0317319, -0.0995152, 0.692212
0.29545, 0.240542, -0.671037, 0.636049, -0.0295593, -0.0913834, 0.700274
0.30329, 0.247618, -0.672926, 0.627591, -0.0276274, -0.0819028, 0.70878
0.31154, 0.255937, -0.674887, 0.618034, -0.0261402, -0.070997, 0.717703
0.31978, 0.265875, -0.67691, 0.607325, -0.0250945, -0.0593162, 0.726396
0.327983, 0.277699, -0.678755, 0.595485, -0.0254034, -0.04605, 0.734497
0.336666, 0.290601, -0.680939, 0.581832, -0.0261434, -0.0321256, 0.74273
0.34494, 0.3054, -0.683136, 0.566632, -0.0282401, -0.0175166, 0.750258
0.352564, 0.322442, -0.685371, 0.549542, -0.031512, -0.00170639, 0.756897
0.359288, 0.34107, -0.687248, 0.531295, -0.037364, 0.0142853, 0.762179
0.364587, 0.361804, -0.689061, 0.511243, -0.0451496, 0.030424, 0.765731
-0.368537, -0.384106, 0.691221, -0.48873, -0.0549733, 0.0469534, 0.767269
-0.370709, -0.408613, 0.692759, -0.464431, -0.0672655, 0.0631052, 0.766817
-0.370519, -0.435228, 0.693697, -0.438265, -0.0826006, 0.0787442, 0.764358
-0.367493, -0.463631, 0.6942, -0.409978, -0.101354, 0.0932872, 0.75933
-0.361779, -0.493037, 0.693996, -0.380001, -0.123021, 0.105852, 0.752021
-0.353256, -0.522316, 0.693065, -0.349368, -0.148079, 0.115824, 0.742124
-0.341352, -0.551806, 0.69142, -0.317689, -0.175211, 0.122419, 0.72958
-0.326899, -0.580136, 0.689068, -0.285945, -0.202531, 0.125658, 0.715441
-0.309304, -0.60804, 0.685982, -0.253075, -0.231147, 0.125942, 0.69971
-0.289687, -0.633557, 0.682621, -0.220717, -0.260229, 0.123345, 0.6823
-0.267393, -0.658451, 0.678108, -0.187385, -0.290217, 0.116763, 0.662789
0.242744, 0.681516, -0.673107, 0.153423, -0.319427, 0.106132, 0.641279
0.216683, 0.702393, -0.667462, 0.11911, -0.346487, 0.0920227, 0.61844
0.188415, 0.720975, -0.661464, 0.0846183, -0.372354, 0.0743045, 0.593491
0.15854, 0.737305, -0.65479, 0.0499622, -0.397176, 0.0529884, 0.566184
0.128112, 0.749662, -0.649131, 0.0149567, -0.418507, 0.0285848, 0.53484
0.096449, 0.760967, -0.641288, -0.0194346, -0.438745, 0.00286166, 0.504994
0.0639722, 0.768184, -0.634715, -0.0541964, -0.455609, -0.0264398, 0.470641
0.031784, 0.773066, -0.627142, -0.0897302, -0.468177, -0.0578171, 0.435612
-0.000520698, 0.775379, -0.61909, -0.12456, -0.478416, -0.0904903, 0.399935
-0.0325638, 0.774959, -0.610962, -0.158442, -0.486191, -0.124132, 0.363926
-0.0629325, 0.772854, -0.601972, -0.190698, -0.489141, -0.157368, 0.328732
-0.091126, 0.76814, -0.593737, -0.221658, -0.48864, -0.189227, 0.295314
-0.117376, 0.762061, -0.585386, -0.250618, -0.485515, -0.219176, 0.263901
-0.141178, 0.754746, -0.577452, -0.277445, -0.479743, -0.246792, 0.235042
-0.162987, 0.747107, -0.569203, -0.302117, -0.472042, -0.272584, 0.207176
-0.182163, 0.739182, -0.560905, -0.325289, -0.462033, -0.295077, 0.181755
-0.199627, 0.730467, -0.553307, -0.347013, -0.451164, -0.315347, 0.158292
-0.215031, 0.721913, -0.545545, -0.367402, -0.438734, -0.333983, 0.135846
-0.228839, 0.713674, -0.538357, -0.385323, -0.426093, -0.349606, 0.116051
-0.241069, 0.705581, -0.531362, -0.402115, -0.413619, -0.363198, 0.0976917
-0.252023, 0.69774, -0.524733, -0.41749, -0.401573, -0.374788, 0.0803319
-0.261256, 0.690765, -0.518585, -0.430881, -0.390085, -0.384425, 0.0652797
-0.269758, 0.684161, -0.512891, -0.442828, -0.379021, -0.392528, 0.0512788
-0.276428, 0.678626, -0.507602, -0.453206, -0.369066, -0.398861, 0.0394176
-0.283592, 0.672424, -0.502985, -0.463064, -0.361739, -0.404207, 0.0277331
-0.288612, 0.667674, -0.498996, -0.471082, -0.354966, -0.408504, 0.0180734
-0.292908, 0.664004, -0.495641, -0.47712, -0.34883, -0.411816, 0.0102932
-0.295941, 0.661217, -0.493371, -0.481452, -0.343468, -0.414251, 0.0039657
-0.297042, 0.660129, -0.491988, -0.483676, -0.337836, -0.416305, -0.000373411
-0.297853, 0.659965, -0.491766, -0.483627, -0.333518, -0.417872, -0.00420797
-0.297212, 0.661225, -0.492837, -0.481205, -0.328928, -0.419364, -0.00707253
-0.295466, 0.663605, -0.495118, -0.476641, -0.324283, -0.420702, -0.00901329
-0.292705, 0.666937, -0.498691, -0.469921, -0.318701, -0.422304, -0.0102579
-0.287492, 0.672384, -0.503086, -0.460601, -0.309854, -0.424271, -0.0111071
-0.281904, 0.6782, -0.508106, -0.449892, -0.301393, -0.42664, -0.0119963
-0.275702, 0.684426, -0.513941, -0.437509, -0.292158, -0.429286, -0.013217
-0.268956, 0.69151, -0.520213, -0.422912, -0.281312, -0.432427, -0.0152896
-0.261375, 0.699312, -0.526682, -0.406512, -0.269149, -0.435859, -0.0180961
-0.252521, 0.707587, -0.533495, -0.388505, -0.255805, -0.439356, -0.0208336
-0.242597, 0.716435, -0.540386, -0.368579, -0.241139, -0.442903, -0.0235159
-0.23189, 0.725793, -0.546869, -0.346966, -0.224951, -0.44652, -0.0267072
-0.219803, 0.735861, -0.552887, -0.323283, -0.207366, -0.450128, -0.0302171
-0.206495, 0.746185, -0.55833, -0.298052, -0.188681, -0.453506, -0.0337461
-0.191945, 0.756849, -0.562856, -0.271164, -0.168731, -0.456679, -0.0374247
-0.176014, 0.767952, -0.566147, -0.242378, -0.147521, -0.459675, -0.0414364
-0.159155, 0.77899, -0.568083, -0.212426, -0.125652, -0.462219, -0.0454217
-0.140482, 0.790298, -0.5684, -0.180596, -0.101841, -0.46431, -0.0497126
-0.120717, 0.801544, -0.566682, -0.147735, -0.0768988, -0.46589, -0.0543411
-0.0999322, 0.812413, -0.56294, -0.114442, -0.0517726, -0.466848, -0.0590906
-0.0794368, 0.822402, -0.557195, -0.0829357, -0.0267444, -0.467163, -0.0637116
-0.0592718, 0.83108, -0.550326, -0.0541622, -0.00392947, -0.466783, -0.0679482
-0.0401433, 0.838698, -0.542416, -0.0275571, 0.0160534, -0.466108, -0.0721415
-0.0211721, 0.845605, -0.533384, -0.00247909, 0.0364164, -0.464711, -0.0765572
-0.00443792, 0.851225, -0.524432, 0.0191566, 0.0540113, -0.462958, -0.0805304
0.0111591, 0.856278, -0.514884, 0.0394678, 0.0704875, -0.460775, -0.0841905
0.0271559, 0.860723, -0.505051, 0.0578178, 0.0864717, -0.458725, -0.0876322
0.0419934, 0.864169, -0.495951, 0.0740367, 0.100675, -0.456303, -0.0908996
0.0552066, 0.867275, -0.486677, 0.0890575, 0.113401, -0.453999, -0.0936712
0.0680677, 0.869834, -0.477942, 0.101623, 0.126081, -0.451652, -0.0964981
0.0794919, 0.872039, -0.469651, 0.112504, 0.136814, -0.449634, -0.0991831
0.089461, 0.874144, -0.461207, 0.123117, 0.146995, -0.447507, -0.101733
0.0977805, 0.876337, -0.452251, 0.133943, 0.157359, -0.44519, -0.104147
0.103922, 0.878838, -0.442284, 0.145702, 0.167702, -0.442473, -0.106632
0.108444, 0.881553, -0.431218, 0.158605, 0.177962, -0.439865, -0.108321
0.111324, 0.884678, -0.418375, 0.172958, 0.188415, -0.436786, -0.109996
0.112426, 0.888051, -0.403686, 0.189111, 0.199485, -0.432963, -0.111415
0.112483, 0.89142, -0.386953, 0.20733, 0.210988, -0.42851, -0.112191
0.111555, 0.894547, -0.368817, 0.226527, 0.22239, -0.423272, -0.112229
0.109682, 0.89698, -0.349275, 0.247796, 0.233789, -0.41734, -0.111488
0.108164, 0.898758, -0.327486, 0.270716, 0.245966, -0.409935, -0.109391
0.105834, 0.899583, -0.304897, 0.294257, 0.257676, -0.402278, -0.10654
0.103891, 0.899263, -0.280806, 0.318874, 0.268918, -0.394537, -0.101747
0.103523, 0.897313, -0.254807, 0.345233, 0.280097, -0.385659, -0.0951723
0.102776, 0.894019, -0.228227, 0.37159, 0.290651, -0.376038, -0.0874209
0.102934, 0.888942, -0.200385, 0.39879, 0.300596, -0.366212, -0.0777084
0.104127, 0.881976, -0.171227, 0.426565, 0.309954, -0.356206, -0.066013
0.106306, 0.872616, -0.140411, 0.45555, 0.318693, -0.346083, -0.0518661
0.1084, 0.860995, -0.108277, 0.484988, 0.325856, -0.336931, -0.0345922
0.112817, 0.846099, -0.0744833, 0.515598, 0.332964, -0.326534, -0.0160436
0.1167, 0.82877, -0.0401529, 0.545811, 0.3375, -0.318526, 0.00699494
0.121918, 0.808252, -0.00449674, 0.57606, 0.339863, -0.311572, 0.032476
0.127951, 0.785401, 0.0303186, 0.604859, 0.339761, -0.306377, 0.0586095
0.135132, 0.759559, 0.065035, 0.632914, 0.337423, -0.302885, 0.0858015
0.142859, 0.730471, 0.100138, 0.660285, 0.333095, -0.299898, 0.113284
0.151318, 0.699273, 0.13279, 0.685921, 0.326615, -0.299102, 0.141232
0.160351, 0.665389, 0.164111, 0.71036, 0.31799, -0.299994, 0.169519
0.168458, 0.627034, 0.187677, 0.73704, 0.310886, -0.295594, 0.189364
0.178, 0.587894, 0.213508, 0.759678, 0.299603, -0.297283, 0.214744
0.187519, 0.547082, 0.237933, 0.780337, 0.285575, -0.301094, 0.240383
0.196556, 0.506802, 0.259544, 0.79822, 0.269868, -0.306317, 0.264189
0.204756, 0.466716, 0.278525, 0.814048, 0.252858, -0.312435, 0.286093
0.212302, 0.427519, 0.295324, 0.82761, 0.234719, -0.319529, 0.305865
0.218921, 0.389643, 0.309689, 0.839252, 0.215999, -0.327059, 0.323112
0.224558, 0.353111, 0.32167, 0.849361, 0.196785, -0.334675, 0.338169
0.229561, 0.318345, 0.331679, 0.857874, 0.177691, -0.342268, 0.35091
0.235337, 0.283948, 0.339405, 0.865329, 0.159904, -0.348021, 0.362008
0.239794, 0.251789, 0.345729, 0.871534, 0.142197, -0.353987, 0.371379
0.244341, 0.220788, 0.348402, 0.877591, 0.128243, -0.356553, 0.379471
0.247929, 0.192406, 0.351769, 0.881913, 0.11277, -0.360762, 0.386059
0.250862, 0.166321, 0.354292, 0.885371, 0.0978289, -0.364947, 0.391249
0.253091, 0.142931, 0.356097, 0.888094, 0.0837334, -0.369075, 0.394948
0.254957, 0.121428, 0.357142, 0.890338, 0.0707548, -0.372694, 0.397706
0.256353, 0.102576, 0.357896, 0.892004, 0.0589678, -0.376026, 0.399621
0.257698, 0.0859102, 0.358303, 0.893214, 0.048572, -0.378878, 0.400819
0.258671, 0.0713751, 0.358293, 0.894216, 0.0395934, -0.381205, 0.401457
0.259439, 0.0592096, 0.358341, 0.894862, 0.0317426, -0.383328, 0.401591
0.260078, 0.0492118, 0.357999, 0.895419, 0.0255645, -0.384968, 0.40126
0.260597, 0.0416427, 0.357723, 0.895762, 0.0209113, -0.386221, 0.400723
0.260631, 0.036397, 0.357508, 0.896066, 0.0176968, -0.387072, 0.400273
0.260715, 0.0333653, 0.357379, 0.896211, 0.0158342, -0.387639, 0.399719
0.2609, 0.0324655, 0.357325, 0.896212, 0.0154968, -0.38798, 0.398939
0.261396, 0.0321638, 0.358251, 0.895709, 0.0160032, -0.38836, 0.398125
0.261445, 0.0312676, 0.360615, 0.894777, 0.0158287, -0.3882, 0.398172
0.261135, 0.0295845, 0.364243, 0.893454, 0.0147067, -0.387385, 0.399258
0.261004, 0.0272793, 0.369248, 0.891509, 0.0134357, -0.386272, 0.400723
0.261094, 0.0244501, 0.375871, 0.888793, 0.0121957, -0.384992, 0.402349
0.261211, 0.0209645, 0.383986, 0.885373, 0.0106576, -0.383315, 0.404518
0.261061, 0.016756, 0.3934, 0.881364, 0.00853883, -0.381034, 0.407348
0.260696, 0.0119848, 0.404264, 0.876621, 0.0058381, -0.378215, 0.410859
0.260295, 0.00676905, 0.41631, 0.871141, 0.00304718, -0.37503, 0.414704
0.259731, 0.00100323, 0.429874, 0.864724, -3.16842e-05, -0.371278, 0.419098
0.259078, -0.00555531, 0.444797, 0.857323, -0.0036485, -0.366844, 0.423977
0.258194, -0.0127805, 0.460866, 0.848985, -0.00753266, -0.362021, 0.429162
0.257106, -0.0205269, 0.478133, 0.839562, -0.0113599, -0.356434, 0.434834
0.255493, -0.0286268, 0.496716, 0.828962, -0.0153844, -0.350045, 0.441202
0.25351, -0.0373287, 0.516246, 0.817208, -0.0196547, -0.343033, 0.447883
0.251163, -0.0468748, 0.536756, 0.804122, -0.0242036, -0.335377, 0.454856
0.248323, -0.0565974, 0.558384, 0.789519, -0.0285252, -0.326887, 0.462296
0.244996, -0.0670036, 0.58061, 0.77355, -0.0326147, -0.31746, 0.469903
0.240994, -0.0778794, 0.603586, 0.756003, -0.0367121, -0.307038, 0.478011
0.23613, -0.0887475, 0.627221, 0.736858, -0.040821, -0.295933, 0.486509
0.230886, -0.10027, 0.651501, 0.71567, -0.0452178, -0.283937, 0.495043
0.224899, -0.111068, 0.674695, 0.694169, -0.0495459, -0.271205, 0.503852
0.218876, -0.120908, 0.695871, 0.67323, -0.0531506, -0.259025, 0.512031
0.213198, -0.130584, 0.715485, 0.652361, -0.0559617, -0.247435, 0.519342
0.207297, -0.139273, 0.733454, 0.632199, -0.0585644, -0.236028, 0.526549
0.201462, -0.14713, 0.749764, 0.612878, -0.0611331, -0.225092, 0.533191
0.195654, -0.154375, 0.764719, 0.594215, -0.06359, -0.214745, 0.539384
0.190339, -0.160654, 0.778305, 0.57637, -0.0653381, -0.205233, 0.544934
0.185103, -0.166473, 0.790579, 0.559471, -0.06684, -0.196016, 0.550075
0.180047, -0.171962, 0.801465, 0.543752, -0.0683209, -0.187311, 0.554873
0.175291, -0.176761, 0.811139, 0.529228, -0.0694955, -0.179481, 0.559096
0.171325, -0.180876, 0.819981, 0.515328, -0.0706351, -0.171959, 0.562758
0.167539, -0.184508, 0.827746, 0.502717, -0.0716597, -0.164727, 0.566319
0.163994, -0.18777, 0.834309, 0.491709, -0.0726665, -0.158406, 0.569381
0.160781, -0.190871, 0.840001, 0.481785, -0.0734486, -0.152879, 0.571997
0.158068, -0.193467, 0.844831, 0.473122, -0.0737929, -0.148064, 0.574304
0.155852, -0.195395, 0.848728, 0.466037, -0.0738298, -0.144066, 0.576282
0.153856, -0.197173, 0.851889, 0.460149, -0.0740219, -0.140726, 0.577938
0.15239, -0.198362, 0.854148, 0.455919, -0.074078, -0.138173, 0.579258
0.151347, -0.199315, 0.85573, 0.452873, -0.0739114, -0.136448, 0.580147
0.150858, -0.199998, 0.856574, 0.451136, -0.0736397, -0.1355, 0.580628
0.150749, -0.200264, 0.85662, 0.450967, -0.0734986, -0.1353, 0.580899
0.151084, -0.200432, 0.855925, 0.452097, -0.0735122, -0.135647, 0.580989
0.151672, -0.199997, 0.85433, 0.455102, -0.0735213, -0.136272, 0.580942
0.152529, -0.199161, 0.851947, 0.459626, -0.073603, -0.13686, 0.581208
0.1537, -0.197788, 0.848638, 0.465908, -0.0737572, -0.137619, 0.581533
0.155233, -0.196214, 0.844509, 0.473505, -0.0740245, -0.138602, 0.58196
0.157068, -0.194335, 0.839418, 0.482639, -0.0743171, -0.139783, 0.582357
0.159108, -0.192073, 0.833318, 0.493329, -0.0749101, -0.141162, 0.582828
0.161443, -0.189465, 0.826183, 0.505432, -0.0755559, -0.142728, 0.583246
0.16415, -0.186623, 0.817926, 0.518867, -0.0762928, -0.144432, 0.583759
0.166671, -0.183257, 0.808058, 0.53449, -0.0760567, -0.14689, 0.584059
0.169551, -0.179731, 0.797231, 0.550792, -0.0765349, -0.149048, 0.584665
0.17283, -0.175645, 0.784938, 0.568463, -0.0773854, -0.151071, 0.58566
0.176371, -0.171086, 0.771328, 0.587091, -0.0784932, -0.153085, 0.586756
0.18018, -0.166268, 0.75625, 0.606611, -0.0797253, -0.155022, 0.587881
0.18417, -0.161273, 0.739336, 0.62726, -0.0812986, -0.157189, 0.589055
0.188339, -0.155752, 0.720716, 0.648721, -0.083324, -0.159329, 0.590423
0.192431, -0.149623, 0.700395, 0.670843, -0.0853848, -0.161196, 0.592053
0.196714, -0.143067, 0.678151, 0.693503, -0.0878097, -0.16308, 0.593915
0.201033, -0.136139, 0.654171, 0.716319, -0.090466, -0.164824, 0.595851
0.205566, -0.128816, 0.62752, 0.739843, -0.0931702, -0.16631, 0.598168
0.20982, -0.120609, 0.598657, 0.76357, -0.0958334, -0.167641, 0.600814
0.214113, -0.112488, 0.567522, 0.787033, -0.0979765, -0.168796, 0.603437
0.218242, -0.103755, 0.534393, 0.809957, -0.100736, -0.169648, 0.606456
0.222163, -0.0948684, 0.500261, 0.831494, -0.103499, -0.169882, 0.609759
0.225801, -0.0861552, 0.465409, 0.851461, -0.105693, -0.1695, 0.613331
0.22925, -0.0773777, 0.429346, 0.870126, -0.107597, -0.168748, 0.617084
0.232386, -0.068389, 0.392631, 0.887221, -0.109769, -0.168003, 0.62085
0.235374, -0.0594936, 0.355897, 0.90244, -0.111947, -0.167123, 0.624473
0.238107, -0.050505, 0.318107, 0.916276, -0.113747, -0.165792, 0.628344
0.239863, -0.0411713, 0.280522, 0.928481, -0.115385, -0.164649, 0.632204
0.241811, -0.0319025, 0.242093, 0.939096, -0.117479, -0.162954, 0.636315
0.243729, -0.0224434, 0.202926, 0.948111, -0.119574, -0.160934, 0.640591
0.24519, -0.0132208, 0.163836, 0.95544, -0.121167, -0.15893, 0.644741
0.246354, -0.00401977, 0.123842, 0.961227, -0.121605, -0.156623, 0.648921
0.247127, 0.00512846, 0.0833407, 0.965379, -0.121459, -0.153858, 0.653317
0.247805, 0.0137798, 0.0424416, 0.967782, -0.120453, -0.149743, 0.657993
0.248461, 0.0225648, 0.00162365, 0.968378, -0.119701, -0.145974, 0.662454
0.248688, 0.0317909, -0.0386416, 0.96729, -0.118953, -0.142518, 0.666712
0.24836, 0.0407303, -0.0788241, 0.964596, -0.117599, -0.139372, 0.670812
0.247608, 0.0496676, -0.119252, 0.960209, -0.115807, -0.135802, 0.675102
0.24652, 0.0586193, -0.15857, 0.954278, -0.114298, -0.132108, 0.679355
0.245068, 0.0676323, -0.198129, 0.946632, -0.112494, -0.128385, 0.683669
0.243804, 0.0758753, -0.238474, 0.93698, -0.108912, -0.125751, 0.687606
0.241985, 0.0840682, -0.27767, 0.925892, -0.105199, -0.123119, 0.691382
0.239695, 0.0924447, -0.316532, 0.913131, -0.101311, -0.119965, 0.695389
0.237017, 0.100864, -0.354728, 0.898786, -0.0973521, -0.116402, 0.699419
0.234234, 0.109239, -0.391683, 0.883055, -0.0933817, -0.113282, 0.703077
0.231121, 0.11747, -0.428375, 0.865609, -0.0890256, -0.110776, 0.706504
0.227618, 0.125822, -0.464199, 0.846687, -0.0848038, -0.108858, 0.709704
0.223662, 0.133612, -0.498938, 0.82655, -0.0803753, -0.106606, 0.712964
0.219465, 0.141336, -0.53318, 0.804723, -0.0752081, -0.103911, 0.716285
0.215112, 0.149102, -0.566101, 0.781681, -0.0700033, -0.101534, 0.719153
0.210628, 0.156763, -0.598307, 0.757027, -0.0644472, -0.0999327, 0.721617
0.205843, 0.164046, -0.629625, 0.730951, -0.059122, -0.0985943, 0.724107
0.20063, 0.171224, -0.65943, 0.703976, -0.0537162, -0.0973164, 0.726391
0.194909, 0.178092, -0.688286, 0.675689, -0.0480746, -0.0960458, 0.72869
0.188402, 0.185089, -0.715727, 0.646514, -0.0428488, -0.0955873, 0.730983
0.182144, 0.191741, -0.741755, 0.616326, -0.0377823, -0.0956588, 0.732759
0.175668, 0.198307, -0.766714, 0.584778, -0.0324444, -0.0959347, 0.73425
0.168778, 0.204284, -0.790197, 0.552603, -0.0273203, -0.0961459, 0.735608
0.161566, 0.210266, -0.812475, 0.5192, -0.0220622, -0.0964019, 0.73686
-0.154582, -0.215853, 0.833394, -0.484734, -0.0171767, -0.0972116, 0.738119
-0.148389, -0.220833, 0.85311, -0.448795, -0.0106068, -0.0974274, 0.738805
-0.140785, -0.226079, 0.870635, -0.413598, -0.00402521, -0.0974145, 0.738841
-0.133978, -0.230405, 0.886048, -0.379319, 0.00129754, -0.0984913, 0.739153
-0.127257, -0.234074, 0.899434, -0.346458, 0.00648203, -0.0993911, 0.73929
-0.120324, -0.237432, 0.911144, -0.314586, 0.0110946, -0.100297, 0.739317
-0.113404, -0.240689, 0.921163, -0.284021, 0.0164793, -0.101587, 0.738857
-0.106966, -0.243491, 0.929567, -0.255293, 0.0209636, -0.103263, 0.738272
-0.100791, -0.246017, 0.936715, -0.227775, 0.0246792, -0.104886, 0.737838
-0.0949794, -0.248013, 0.942681, -0.20204, 0.0276842, -0.106052, 0.737411
-0.0893258, -0.249694, 0.947632, -0.177955, 0.0303459, -0.107182, 0.737104
-0.0841972, -0.251323, 0.951591, -0.155636, 0.0329938, -0.108249, 0.736622
-0.0792254, -0.252782, 0.95478, -0.13498, 0.0350794, -0.109376, 0.736195
-0.0747577, -0.25399, 0.957297, -0.116115, 0.0368868, -0.110416, 0.735677
-0.0707433, -0.254893, 0.959311, -0.0987296, 0.0387354, -0.111189, 0.735311
-0.0670082, -0.255813, 0.960793, -0.0833458, 0.0402905, -0.111896, 0.734986
-0.0636507, -0.25653, 0.961921, -0.0696328, 0.0415817, -0.112471, 0.734711
-0.0605171, -0.257183, 0.96274, -0.0576779, 0.0425171, -0.112974, 0.734523
-0.0581319, -0.257615, 0.963325, -0.0475434, 0.0433605, -0.113356, 0.734429
-0.0560931, -0.257999, 0.96372, -0.039166, 0.0441883, -0.113598, 0.734409
-0.0542908, -0.25826, 0.963998, -0.0325781, 0.0448188, -0.113772, 0.734495
-0.053125, -0.258468, 0.964155, -0.0278759, 0.0453355, -0.113792, 0.734528
-0.0522531, -0.258615, 0.964247, -0.0248248, 0.0456414, -0.113821, 0.734656
-0.0513139, -0.258708, 0.964303, -0.023589, 0.0454832, -0.113876, 0.735146
-0.0513292, -0.25861, 0.964315, -0.0241264, 0.0459353, -0.113471, 0.735203
-0.0494752, -0.258522, 0.964392, -0.0258138, 0.0472141, -0.112946, 0.735376
-0.0458852, -0.258643, 0.964426, -0.029688, 0.0504002, -0.112433, 0.735419
-0.0405512, -0.25893, 0.964407, -0.0350685, 0.0549778, -0.112019, 0.735383
-0.0338625, -0.259276, 0.964303, -0.0418287, 0.0604618, -0.111517, 0.73518
-0.025509, -0.259825, 0.964013, -0.0501918, 0.0667458, -0.110997, 0.734734
-0.0155053, -0.260715, 0.963413, -0.0601897, 0.0745437, -0.110438, 0.733888
-0.00398786, -0.261708, 0.962491, -0.0714386, 0.0834626, -0.109691, 0.732717
0.00897748, -0.263006, 0.961044, -0.0845126, 0.0934318, -0.10864, 0.731223
0.0236839, -0.264578, 0.958975, -0.0990204, 0.104341, -0.107155, 0.729185
0.0395663, -0.266549, 0.956142, -0.114795, 0.115826, -0.105351, 0.726569
0.0573793, -0.26928, 0.952253, -0.131944, 0.128725, -0.103493, 0.723042
0.0768522, -0.272793, 0.947113, -0.150514, 0.142686, -0.101365, 0.718529
0.0972935, -0.27683, 0.940769, -0.16986, 0.157134, -0.0987193, 0.713084
0.11951, -0.28168, 0.932788, -0.190472, 0.172534, -0.0955536, 0.706644
0.142587, -0.287543, 0.923182, -0.211479, 0.188339, -0.0917764, 0.69892
0.163866, -0.293604, 0.913096, -0.230651, 0.20263, -0.0880461, 0.690751
0.183204, -0.299578, 0.902935, -0.247784, 0.215081, -0.0845169, 0.682569
0.200716, -0.305057, 0.892978, -0.263143, 0.22532, -0.0812688, 0.674751
0.216963, -0.310454, 0.883081, -0.276973, 0.234675, -0.078075, 0.66689
0.231847, -0.315464, 0.873547, -0.289215, 0.243154, -0.0750777, 0.659251
0.244695, -0.320333, 0.864619, -0.29991, 0.250242, -0.0724509, 0.652184
0.255846, -0.324731, 0.856496, -0.309044, 0.255928, -0.0701387, 0.64573
0.265627, -0.328722, 0.84911, -0.316856, 0.260782, -0.0680502, 0.639921
0.274054, -0.332105, 0.84258, -0.323512, 0.264869, -0.0662442, 0.634806
0.281066, -0.335003, 0.836993, -0.328965, 0.268186, -0.0646949, 0.630337
0.286347, -0.337129, 0.832702, -0.333101, 0.270326, -0.063505, 0.627031
0.290371, -0.338836, 0.829441, -0.336009, 0.271779, -0.0626119, 0.624496
0.293074, -0.339835, 0.827238, -0.338079, 0.27262, -0.0621013, 0.622796
0.294335, -0.340151, 0.826225, -0.33914, 0.27281, -0.0618476, 0.622054
0.293868, -0.340056, 0.826116, -0.339905, 0.272141, -0.0619898, 0.622065
0.291546, -0.341526, 0.825108, -0.342866, 0.271379, -0.0632334, 0.622042
0.287128, -0.344381, 0.823264, -0.348131, 0.271018, -0.0662695, 0.621523
0.280736, -0.348514, 0.820442, -0.355809, 0.27082, -0.0708568, 0.620295
0.272059, -0.353275, 0.816963, -0.365721, 0.269861, -0.0768694, 0.618931
0.261306, -0.359246, 0.812492, -0.377516, 0.269167, -0.0838524, 0.617092
0.24813, -0.366351, 0.806802, -0.391522, 0.268821, -0.0924766, 0.614675
0.232899, -0.374464, 0.799479, -0.407881, 0.268808, -0.102659, 0.611131
0.215696, -0.383638, 0.790941, -0.425099, 0.270024, -0.11435, 0.607126
0.196078, -0.393157, 0.780708, -0.444383, 0.27053, -0.127936, 0.601874
0.173749, -0.403096, 0.768894, -0.464894, 0.271505, -0.142605, 0.595325
0.148614, -0.413511, 0.754914, -0.486854, 0.272942, -0.158892, 0.586975
-0.121414, 0.423929, -0.738797, 0.509628, 0.274366, -0.177101, 0.576412
-0.0913976, 0.434394, -0.720312, 0.53301, 0.276324, -0.196191, 0.563923
-0.0622525, 0.444094, -0.701353, 0.554085, 0.278762, -0.216061, 0.549541
-0.0349626, 0.452068, -0.682831, 0.572848, 0.281166, -0.233777, 0.535416
-0.0100624, 0.457937, -0.666022, 0.588734, 0.283135, -0.248849, 0.522623
0.0130365, 0.462292, -0.650417, 0.602556, 0.285033, -0.262492, 0.510355
0.0337668, 0.466566, -0.635427, 0.614336, 0.287233, -0.275131, 0.497862
0.0519506, 0.469795, -0.622247, 0.624021, 0.289198, -0.286185, 0.486238
0.0672409, 0.471884, -0.610717, 0.63232, 0.290503, -0.295892, 0.475786
0.0812458, 0.473404, -0.601005, 0.638812, 0.292088, -0.303244, 0.466781
0.0928608, 0.474732, -0.592581, 0.644091, 0.293543, -0.309493, 0.458835
0.10213, 0.475811, -0.585996, 0.647906, 0.294905, -0.314655, 0.451882
0.10899, 0.476614, -0.580822, 0.65085, 0.295842, -0.318349, 0.446686
0.113334, 0.476727, -0.577773, 0.652737, 0.295983, -0.320781, 0.443327
0.115475, 0.47671, -0.5764, 0.653587, 0.295955, -0.321862, 0.441522
0.115642, 0.476392, -0.576105, 0.65405, 0.295772, -0.321773, 0.441246
0.115325, 0.475577, -0.57511, 0.655572, 0.295476, -0.32086, 0.44178
0.114413, 0.474811, -0.572448, 0.65861, 0.2958, -0.319716, 0.442446
0.113092, 0.474215, -0.567969, 0.66313, 0.296823, -0.318483, 0.442852
0.111126, 0.473231, -0.562444, 0.66885, 0.297946, -0.316895, 0.443436
0.108581, 0.471527, -0.555709, 0.676062, 0.299236, -0.314492, 0.444819
0.105655, 0.469589, -0.547641, 0.684406, 0.300871, -0.311444, 0.446478
0.101806, 0.467732, -0.537802, 0.693996, 0.303128, -0.307987, 0.448174
0.0976526, 0.465945, -0.526538, 0.704356, 0.30566, -0.304363, 0.449681
0.0928264, 0.464371, -0.51343, 0.715634, 0.308443, -0.300312, 0.451044
0.08722, 0.462506, -0.498949, 0.727688, 0.311622, -0.295609, 0.452405
0.0809132, 0.461024, -0.482921, 0.740066, 0.315278, -0.29029, 0.45353
0.0739983, 0.460056, -0.464719, 0.752934, 0.31926, -0.284303, 0.454505
0.0663343, 0.45957, -0.44512, 0.765678, 0.323424, -0.277863, 0.45496
0.0581396, 0.459945, -0.423436, 0.778314, 0.327714, -0.270838, 0.455082
0.0492832, 0.461427, -0.399656, 0.790526, 0.332429, -0.263225, 0.454556
0.0400274, 0.463752, -0.374739, 0.801812, 0.33738, -0.255388, 0.453248
0.0299367, 0.46748, -0.34753, 0.812274, 0.342603, -0.246733, 0.450418
0.0194772, 0.472574, -0.318929, 0.821327, 0.347992, -0.237722, 0.446749
0.00951445, 0.479124, -0.289022, 0.828743, 0.353517, -0.228454, 0.44201
-0.000179614, 0.487188, -0.258212, 0.834251, 0.359778, -0.218868, 0.436171
-0.00985232, 0.497571, -0.225847, 0.837448, 0.366214, -0.208758, 0.428459
-0.0185747, 0.509892, -0.193072, 0.838086, 0.372485, -0.198238, 0.419376
-0.0260417, 0.524246, -0.160257, 0.835946, 0.378733, -0.187866, 0.408362
-0.0316421, 0.539608, -0.12905, 0.831365, 0.384537, -0.178054, 0.396337
-0.0351549, 0.556694, -0.0984922, 0.824108, 0.390028, -0.167899, 0.382568
-0.0365703, 0.574356, -0.0699557, 0.814791, 0.394882, -0.158287, 0.368448
-0.0359395, 0.592823, -0.043267, 0.803366, 0.399206, -0.149769, 0.353283
-0.0327741, 0.611262, -0.0178237, 0.790549, 0.402756, -0.143224, 0.33685
-0.0276912, 0.630406, 0.00572565, 0.77575, 0.405407, -0.137692, 0.319529
-0.0202067, 0.649425, 0.0269571, 0.759679, 0.407196, -0.132663, 0.302031
-0.0102224, 0.668588, 0.0461243, 0.742131, 0.408167, -0.127902, 0.283652
0.00198053, 0.687448, 0.0625672, 0.723531, 0.408447, -0.124231, 0.264396
0.0161785, 0.705362, 0.0761703, 0.704557, 0.408061, -0.121926, 0.244382
0.0327105, 0.722314, 0.0874581, 0.685233, 0.406764, -0.120671, 0.223645
0.0516102, 0.738104, 0.0966061, 0.665738, 0.404367, -0.120175, 0.203408
0.0729272, 0.752755, 0.103355, 0.646033, 0.400901, -0.120366, 0.182455
0.0962506, 0.765634, 0.107473, 0.626889, 0.3964, -0.121081, 0.161236
0.121234, 0.776703, 0.109151, 0.608376, 0.390764, -0.122679, 0.140377
0.156789, 0.786079, 0.10864, 0.587957, 0.390457, -0.115315, 0.128169
0.189184, 0.792729, 0.106371, 0.569628, 0.385637, -0.114495, 0.112068
0.22184, 0.796634, 0.102424, 0.552874, 0.379071, -0.115101, 0.0962971
0.255898, 0.797978, 0.0964677, 0.537068, 0.370924, -0.116616, 0.0806555
0.291574, 0.795798, 0.086553, 0.523639, 0.362978, -0.115334, 0.0645126
0.326933, 0.791125, 0.0773391, 0.511131, 0.352279, -0.117515, 0.050391
0.362832, 0.783383, 0.0674538, 0.500114, 0.340686, -0.120447, 0.0378382
0.398923, 0.772477, 0.0566636, 0.490845, 0.32811, -0.123672, 0.0268521
0.435267, 0.758255, 0.0455483, 0.483236, 0.314632, -0.126876, 0.01742
0.471182, 0.740804, 0.0334202, 0.477577, 0.300052, -0.129906, 0.00948251
0.506189, 0.720358, 0.0210384, 0.473724, 0.284851, -0.132394, 0.00285668
0.539459, 0.696333, 0.00716313, 0.473342, 0.268045, -0.133232, -0.00488394
0.571869, 0.669774, -0.00567056, 0.473642, 0.250851, -0.133905, -0.0102587
0.602993, 0.639408, -0.0186563, 0.476664, 0.233282, -0.133372, -0.0141203
0.632766, 0.605866, -0.0310755, 0.481215, 0.215442, -0.131867, -0.01652
0.659632, 0.570346, -0.0427007, 0.487615, 0.197269, -0.129092, -0.0177937
0.68347, 0.533653, -0.0530023, 0.495252, 0.179047, -0.125304, -0.0181491
0.703619, 0.496659, -0.0617381, 0.504419, 0.161128, -0.120304, -0.0179765
0.720664, 0.459984, -0.0689797, 0.514102, 0.143903, -0.114579, -0.0174537
0.734708, 0.423592, -0.0751073, 0.524531, 0.127448, -0.108083, -0.0158818
0.746767, 0.387793, -0.0799708, 0.534379, 0.112068, -0.100981, -0.0135663
0.755252, 0.352936, -0.0839998, 0.54587, 0.097887, -0.0926497, -0.0124608
0.761934, 0.319515, -0.0869547, 0.556602, 0.0844276, -0.0841265, -0.0111438
0.766878, 0.287858, -0.0885123, 0.566746, 0.0720179, -0.0759073, -0.00898379
0.770222, 0.258008, -0.0892584, 0.576387, 0.060156, -0.0675557, -0.00664584
0.772417, 0.230339, -0.0890112, 0.585144, 0.0489301, -0.059689, -0.00385445
0.773078, 0.20446, -0.0883688, 0.593917, 0.0387313, -0.0518468, -0.00141149
0.772949, 0.180636, -0.0874206, 0.601896, 0.0293624, -0.0441075, 0.000760675
0.772249, 0.15921, -0.0861217, 0.608988, 0.0207605, -0.0369224, 0.00283955
0.770626, 0.1403, -0.0850092, 0.615813, 0.013321, -0.030112, 0.00460541
0.768838, 0.123926, -0.0840677, 0.621662, 0.00609025, -0.0237464, 0.00641611
0.765857, 0.110197, -0.0841745, 0.62788, 0.000673006, -0.0173082, 0.00672106
0.763313, 0.0992249, -0.0848656, 0.632697, -0.00413787, -0.0117634, 0.00706491
0.760867, 0.0907876, -0.0859067, 0.636757, -0.00844109, -0.00699347, 0.00769116
0.758265, 0.0849838, -0.0878445, 0.640386, -0.0120942, -0.00308247, 0.00875834
0.75629, 0.0816252, -0.0903316, 0.642808, -0.0156794, -5.77274e-06, 0.010169
0.753714, 0.0814537, -0.094457, 0.645259, -0.0177263, 0.00278491, 0.01096
0.751315, 0.0838847, -0.100052, 0.646899, -0.01859, 0.00506206, 0.0113159
0.749208, 0.087927, -0.105981, 0.647861, -0.019905, 0.0065078, 0.0127722
0.747256, 0.0947101, -0.112834, 0.648002, -0.0211606, 0.00717471, 0.0145967
0.744881, 0.104144, -0.121913, 0.647645, -0.0204726, 0.00771596, 0.016141
0.742302, 0.115653, -0.131628, 0.64675, -0.0198563, 0.00767752, 0.0179764
0.739501, 0.129343, -0.142697, 0.645017, -0.0186826, 0.00712558, 0.0196767
