0, 0, 0, 0.0316228, 0.0316228, 0.0316228
-0.015198, -0.0291751, 0.0567907, 1.47947, 1.47947, 0.172699
-0.1382, -0.0192839, 0.0696414, 0.296121, 0.197201, 0.087219
-0.125071, -0.0181379, 0.0704104, 0.241758, 0.18596, 0.0867784
-0.101123, -0.0176178, 0.0844945, 0.195455, 0.170404, 0.0866307
-0.089287, -0.0137329, 0.101059, 0.166264, 0.137624, 0.0860732
-0.0885803, -0.00774291, 0.114979, 0.144747, 0.108168, 0.085834
-0.0790544, -0.00591463, 0.12526, 0.135668, 0.0866724, 0.0857577
-0.0799791, -0.00453834, 0.140988, 0.130859, 0.0725057, 0.0858851
-0.0753368, -0.00337611, 0.150393, 0.132147, 0.0650435, 0.0868563
-0.0783944, -0.00305098, 0.167653, 0.134184, 0.0615049, 0.0882487
-0.0790955, 8.42782e-05, 0.184285, 0.139958, 0.060732, 0.0901329
-0.0743522, 0.00146189, 0.194656, 0.147315, 0.0614006, 0.0921383
-0.0712429, 0.00369009, 0.203352, 0.154571, 0.0631972, 0.0942628
-0.0669254, 0.00725038, 0.222229, 0.159607, 0.0656225, 0.0962652
-0.0509043, 0.00952394, 0.215512, 0.166512, 0.06786, 0.0983776
-0.031025, 0.0103314, 0.214977, 0.17217, 0.0692956, 0.0999843
-0.021378, 0.0145479, 0.246053, 0.171649, 0.0720431, 0.101165
-0.0043616, 0.0227265, 0.239494, 0.174388, 0.0730992, 0.102764
0.0175141, 0.026182, 0.245529, 0.171667, 0.0727407, 0.103297
0.032699, 0.0312052, 0.239876, 0.174875, 0.0733675, 0.104156
0.0536654, 0.0357761, 0.239941, 0.176384, 0.0736902, 0.104633
0.0579631, 0.0361559, 0.221396, 0.171721, 0.0736934, 0.104906
0.073232, 0.0399865, 0.216729, 0.168501, 0.073451, 0.105044
0.0910486, 0.0469495, 0.213198, 0.16506, 0.0738887, 0.105029
0.10883, 0.0477493, 0.204466, 0.161067, 0.0738946, 0.104774
0.114765, 0.0508263, 0.196912, 0.155831, 0.0735292, 0.104279
0.117668, 0.0545892, 0.187113, 0.151103, 0.0737965, 0.10381
0.135285, 0.0555264, 0.175916, 0.146673, 0.0739385, 0.103141
0.149534, 0.0596598, 0.171283, 0.143818, 0.0747178, 0.102469
0.152011, 0.0624573, 0.159421, 0.140339, 0.0752303, 0.101626
0.152067, 0.0593256, 0.146597, 0.135234, 0.0741223, 0.100168
0.155492, 0.0640078, 0.1415, 0.131979, 0.0738374, 0.0989613
0.160179, 0.0631747, 0.124699, 0.127559, 0.071515, 0.0972523
0.154171, 0.0572881, 0.109369, 0.123603, 0.0704632, 0.0954851
0.137341, 0.0588282, 0.106646, 0.118915, 0.0698425, 0.0937475
0.159115, 0.0526576, 0.0867159, 0.114628, 0.0678711, 0.0916836
0.152737, 0.0506385, 0.0824383, 0.111397, 0.067087, 0.0899735
0.160956, 0.0468621, 0.0698764, 0.109546, 0.0662101, 0.0885343
0.16788, 0.0373424, 0.0484121, 0.107748, 0.0648428, 0.086993
0.171241, 0.0294492, 0.031863, 0.106514, 0.0636133, 0.0854555
0.169602, 0.0233076, 0.0232374, 0.105723, 0.0630619, 0.0841744
0.162823, 0.00876937, 0.0119035, 0.104404, 0.0624747, 0.0828173
0.153816, -0.00648864, 0.00209326, 0.102918, 0.0622268, 0.0815561
0.148573, -0.0229561, -0.0203124, 0.100425, 0.0617222, 0.0801108
0.140963, -0.0381028, -0.0316034, 0.0974276, 0.06073, 0.0782331
0.128767, -0.0504538, -0.0320122, 0.093934, 0.0601226, 0.0762822
0.125066, -0.0650782, -0.0436843, 0.0905541, 0.0598123, 0.0747282
0.120589, -0.0769467, -0.0512228, 0.0865742, 0.0590765, 0.0727416
0.122795, -0.0837761, -0.0583715, 0.0832862, 0.0584365, 0.0709117
0.118928, -0.0885492, -0.0672631, 0.0802156, 0.0574983, 0.0691497
0.127061, -0.0906503, -0.0741984, 0.0780001, 0.0567675, 0.0678304
0.123639, -0.0958065, -0.0883765, 0.0765529, 0.0564218, 0.0668487
0.122789, -0.099758, -0.101031, 0.0749188, 0.055224, 0.0657122
0.127996, -0.100554, -0.102078, 0.0741192, 0.0545155, 0.0651106
0.133327, -0.0992324, -0.108667, 0.0737255, 0.0537167, 0.0647167
0.131154, -0.101291, -0.101213, 0.0739155, 0.0536631, 0.0647167
0.136537, -0.101496, -0.119949, 0.0740832, 0.0528823, 0.0647126
0.13932, -0.0954283, -0.112169, 0.0746155, 0.0526171, 0.0649718
0.128252, -0.103295, -0.12915, 0.0752877, 0.0523156, 0.065344
0.131482, -0.097854, -0.126643, 0.0764552, 0.0523439, 0.0659946
0.131795, -0.0909828, -0.104475, 0.0778477, 0.0530164, 0.0667184
0.124554, -0.0865635, -0.102973, 0.0790404, 0.0534112, 0.0673619
0.109369, -0.0889508, -0.105221, 0.0798819, 0.0536398, 0.0678564
0.121985, -0.0804208, -0.0799705, 0.0807399, 0.0538878, 0.0682685
0.112281, -0.0757578, -0.0799793, 0.081282, 0.0541199, 0.0686208
0.103019, -0.0773077, -0.0682668, 0.0817975, 0.0546997, 0.0689317
0.103641, -0.0755049, -0.0569075, 0.0828824, 0.056102, 0.0694603
0.0955323, -0.074235, -0.0473068, 0.0831179, 0.0566058, 0.0696795
0.10192, -0.0696244, -0.0477266, 0.0837308, 0.0573815, 0.0699512
0.0999922, -0.0692994, -0.0226591, 0.0838218, 0.0578567, 0.0697233
0.0968685, -0.0682087, -0.0126312, 0.0831217, 0.0572511, 0.0692896
0.088241, -0.0706746, -0.0137554, 0.0828073, 0.0575385, 0.0688809
0.0870124, -0.0724261, 0.0172844, 0.0827474, 0.0586412, 0.0686741
0.0994541, -0.0594741, 0.00663923, 0.0822637, 0.0586691, 0.0682762
0.0874864, -0.0622244, 0.0230575, 0.0821227, 0.0604496, 0.068157
0.0811026, -0.0634511, 0.03115, 0.0811792, 0.0604766, 0.06731
0.0895031, -0.0524895, 0.0210886, 0.0802927, 0.0603447, 0.0666946
0.063135, -0.0590156, 0.0385432, 0.0793617, 0.0608658, 0.0659616
0.0656446, -0.0488951, 0.0354162, 0.0788894, 0.0613625, 0.0655354
0.0594501, -0.0463564, 0.0346231, 0.0786289, 0.0620159, 0.0652021
0.0501752, -0.0428874, 0.0264962, 0.0774705, 0.0620618, 0.0646899
0.029935, -0.0414465, 0.0322568, 0.0765579, 0.0622582, 0.0641381
0.0176445, -0.0385078, 0.015114, 0.0756905, 0.0626653, 0.063943
0.00424837, -0.0364915, 0.0213044, 0.0740823, 0.0617259, 0.0630541
-0.0101573, -0.030815, 0.0130789, 0.0723014, 0.0601651, 0.0621667
-0.0276894, -0.032409, 0.00776455, 0.069777, 0.0586562, 0.0611635
-0.0434794, -0.0293763, -0.000982563, 0.0682093, 0.058121, 0.0605219
-0.0651034, -0.0289483, 0.00102039, 0.0669086, 0.0577594, 0.0598944
-0.0798832, -0.0231099, 0.000953627, 0.0654246, 0.0570404, 0.0591134
-0.0920784, -0.0197351, -0.00606245, 0.064359, 0.0565052, 0.0586579
-0.111518, -0.02318, -0.0120122, 0.0627185, 0.05514, 0.0576417
-0.133374, -0.0214509, -0.0156251, 0.0617852, 0.0548411, 0.0572224
-0.149145, -0.0175908, -0.00499721, 0.0604665, 0.0537618, 0.0564412
-0.163239, -0.0149303, -0.0113329, 0.0595699, 0.053116, 0.0559494
-0.18286, -0.0157678, -0.0101177, 0.0590481, 0.0530938, 0.0557094
-0.196508, -0.00920694, -0.0103623, 0.0593743, 0.053316, 0.0556922
-0.212638, -0.00578622, -0.00344048, 0.0593756, 0.0532514, 0.0556592
-0.234143, -0.00600064, -0.00450348, 0.0594319, 0.0533994, 0.0559635
-0.247457, 0.00151474, 0.00384241, 0.0596735, 0.0538323, 0.0562524
-0.24579, 0.0138599, 0.0146554, 0.0588845, 0.0526719, 0.055709
-0.268669, 0.0141028, 0.000911298, 0.0591788, 0.0530953, 0.0560306
-0.271291, 0.02657, 0.025228, 0.058483, 0.0520888, 0.0557154
-0.277785, 0.0406352, 0.00877151, 0.0581849, 0.0511991, 0.0555997
-0.272056, 0.0510332, 0.031559, 0.0573084, 0.0501597, 0.0552993
-0.29168, 0.0590798, 0.0343394, 0.0571787, 0.0498958, 0.0555775
-0.292257, 0.0763149, 0.0370675, 0.0573948, 0.0498602, 0.0561289
-0.275506, 0.0980664, 0.0448608, 0.0574876, 0.0496688, 0.0567591
-0.287207, 0.111994, 0.0641535, 0.0580169, 0.0501925, 0.0578337
-0.305982, 0.120523, 0.0684849, 0.0585738, 0.0505571, 0.0586807
-0.270513, 0.154356, 0.0841621, 0.0590676, 0.05088, 0.0595536
-0.286686, 0.164641, 0.100739, 0.0600369, 0.0517097, 0.0604927
-0.263542, 0.197724, 0.11039, 0.0609152, 0.0522671, 0.0614897
-0.260863, 0.204644, 0.135091, 0.0616803, 0.0528979, 0.0623279
-0.252208, 0.210768, 0.141595, 0.0625621, 0.05371, 0.0632921
-0.248994, 0.210201, 0.15427, 0.06334, 0.0545929, 0.0641117
-0.23247, 0.220228, 0.166255, 0.0642311, 0.0553784, 0.0649239
-0.220355, 0.22272, 0.182865, 0.0649451, 0.0560257, 0.0655688
-0.205681, 0.227825, 0.190211, 0.0651158, 0.0560664, 0.065957
-0.210456, 0.22354, 0.195946, 0.066214, 0.0573785, 0.066648
-0.193984, 0.224119, 0.208347, 0.0660653, 0.0571142, 0.0668261
-0.185217, 0.219897, 0.222108, 0.066205, 0.0572067, 0.0670193
-0.172572, 0.220421, 0.234266, 0.0661925, 0.0571356, 0.0671118
-0.172399, 0.211592, 0.24113, 0.0662284, 0.0570598, 0.0671681
-0.166652, 0.2058, 0.244925, 0.0663872, 0.0574482, 0.0674842
-0.163747, 0.198251, 0.248887, 0.0663878, 0.0575544, 0.0675966
-0.151448, 0.193271, 0.254796, 0.0662494, 0.057519, 0.0674633
-0.151196, 0.180267, 0.260128, 0.0667309, 0.0584428, 0.0679804
-0.14556, 0.176472, 0.272131, 0.0668397, 0.0584521, 0.0677654
-0.150219, 0.161602, 0.268221, 0.0669039, 0.0586317, 0.0676255
-0.147915, 0.148008, 0.2649, 0.0668794, 0.0585303, 0.0678369
-0.147965, 0.138844, 0.265403, 0.0665835, 0.0578163, 0.0674092
-0.148641, 0.126376, 0.262814, 0.0669419, 0.0580838, 0.0677197
-0.153112, 0.110834, 0.258195, 0.0674434, 0.0584767, 0.06792
-0.165218, 0.0919411, 0.250422, 0.0684438, 0.0599013, 0.0684938
-0.174032, 0.0744981, 0.235526, 0.0695133, 0.0608974, 0.0689521
-0.176235, 0.0636567, 0.226703, 0.0698605, 0.0606885, 0.0689191
-0.181967, 0.0526913, 0.220566, 0.07011, 0.0603899, 0.0688376
-0.179866, 0.0351062, 0.21049, 0.0695446, 0.059442, 0.068656
-0.184058, 0.0115771, 0.198284, 0.0695792, 0.0594414, 0.0687944
-0.185196, -0.00195568, 0.18276, 0.0696416, 0.0594296, 0.0688689
-0.186518, -0.0208191, 0.167748, 0.069573, 0.0591196, 0.0686916
-0.189558, -0.0395741, 0.156345, 0.0696652, 0.0594567, 0.0687857
-0.201799, -0.0603351, 0.145193, 0.0700143, 0.0600392, 0.0689524
-0.204684, -0.0822842, 0.128282, 0.0704688, 0.0604697, 0.069121
-0.198467, -0.0951906, 0.110713, 0.0701647, 0.059832, 0.0687774
-0.201873, -0.114199, 0.0921995, 0.0703146, 0.0599814, 0.0688692
-0.206835, -0.136258, 0.0711829, 0.0704381, 0.0601495, 0.0689433
-0.208648, -0.154314, 0.0496032, 0.0702465, 0.0596845, 0.0686444
-0.207724, -0.169242, 0.0348074, 0.0702418, 0.0593123, 0.0686039
-0.200192, -0.177993, 0.0242774, 0.0702753, 0.059222, 0.0684652
-0.202776, -0.20095, 0.0077668, 0.0706416, 0.0596806, 0.0688856
-0.217156, -0.226355, -0.022082, 0.0723966, 0.0628999, 0.0697876
-0.216934, -0.249985, -0.0503515, 0.0726375, 0.0625124, 0.0698416
-0.210645, -0.264255, -0.0711869, 0.072364, 0.0618179, 0.0696361
-0.19854, -0.267762, -0.0819449, 0.0719686, 0.0609469, 0.0694618
-0.190807, -0.274918, -0.0956782, 0.0715087, 0.0604996, 0.0693648
-0.190156, -0.288336, -0.113769, 0.0709164, 0.0596539, 0.069061
-0.19035, -0.30288, -0.129529, 0.0708469, 0.0596546, 0.0690568
-0.181551, -0.308478, -0.135119, 0.0698495, 0.0578632, 0.0685321
-0.172697, -0.313256, -0.139821, 0.0689734, 0.0566182, 0.0681434
-0.16562, -0.321935, -0.160434, 0.0683463, 0.0559762, 0.067883
-0.156449, -0.330871, -0.189434, 0.0677037, 0.0553596, 0.0675588
-0.148259, -0.331626, -0.208377, 0.0673059, 0.0548937, 0.0673808
-0.147571, -0.324875, -0.203767, 0.0674802, 0.0552684, 0.0674766
-0.152022, -0.322855, -0.199346, 0.0676938, 0.0557028, 0.0676296
-0.152619, -0.325004, -0.207752, 0.0677077, 0.055607, 0.0676533
-0.146767, -0.332167, -0.230992, 0.0675281, 0.0553246, 0.0676762
-0.142814, -0.332198, -0.245045, 0.0674715, 0.0552442, 0.0678167
-0.14531, -0.327834, -0.248352, 0.0674316, 0.0552468, 0.0679644
-0.146796, -0.315584, -0.251601, 0.0671272, 0.0549884, 0.0679594
-0.137949, -0.289142, -0.256238, 0.0665855, 0.0539761, 0.0675097
-0.133623, -0.256226, -0.231125, 0.0661216, 0.0534786, 0.0673188
-0.13353, -0.246223, -0.213441, 0.065345, 0.0531835, 0.0668686
-0.142688, -0.242338, -0.208785, 0.0648461, 0.0530423, 0.0665983
-0.134263, -0.217614, -0.21237, 0.0644015, 0.0530532, 0.0662793
-0.148954, -0.203642, -0.199884, 0.0636722, 0.0529592, 0.065694
-0.130216, -0.193448, -0.203107, 0.0629716, 0.052614, 0.0651078
-0.112217, -0.161821, -0.189981, 0.0625833, 0.0524836, 0.0647129
-0.113677, -0.153901, -0.181894, 0.0615148, 0.0516166, 0.0637185
-0.10643, -0.136162, -0.172362, 0.0608652, 0.0511417, 0.0630175
-0.109398, -0.128632, -0.159828, 0.060326, 0.0508312, 0.062315
-0.105143, -0.105302, -0.145408, 0.0612792, 0.0513479, 0.0622898
-0.105542, -0.105363, -0.143921, 0.0616554, 0.0515475, 0.0620165
-0.097986, -0.081527, -0.120374, 0.0618459, 0.0515669, 0.061828
-0.100931, -0.0755854, -0.11, 0.0623964, 0.0523071, 0.0622361
-0.0814468, -0.0681739, -0.103223, 0.061984, 0.0516474, 0.0613866
-0.0779681, -0.0467282, -0.0783074, 0.0615736, 0.0512473, 0.0607509
-0.0788114, -0.038167, -0.0596081, 0.0618763, 0.051756, 0.0609702
-0.0791615, -0.0617915, -0.0677058, 0.0619399, 0.0520596, 0.0607
-0.0824293, -0.0761831, -0.0567012, 0.0609976, 0.0512101, 0.0593722
-0.116195, -0.107061, -0.030704, 0.0603611, 0.0509653, 0.0585677
-0.14793, -0.166554, -0.0445017, 0.0587076, 0.0500375, 0.0571365
-0.18253, -0.22578, -0.0623583, 0.0577042, 0.0496428, 0.0558614
-0.214277, -0.267523, -0.0808737, 0.05734, 0.0497271, 0.0552125
-0.272723, -0.314395, -0.0808322, 0.0570348, 0.0502395, 0.0547944
-0.315007, -0.353399, -0.106107, 0.0575608, 0.0513091, 0.0548879
-0.382844, -0.398889, -0.119304, 0.0566011, 0.0522099, 0.0551064
-0.438829, -0.419996, -0.142306, 0.0564737, 0.053446, 0.0557814
-0.503288, -0.441317, -0.151178, 0.0565676, 0.0547297, 0.0566052
-0.581892, -0.450211, -0.175669, 0.0569262, 0.0558646, 0.057706
-0.687804, -0.450652, -0.17879, 0.0577377, 0.0569634, 0.0591542
-0.775998, -0.436623, -0.186019, 0.0587662, 0.0576561, 0.0606357
-0.8787, -0.410263, -0.202716, 0.0602802, 0.0581334, 0.0623807
-0.980124, -0.36006, -0.211375, 0.0619214, 0.0578831, 0.063983
-1.08706, -0.288305, -0.204682, 0.063825, 0.0571937, 0.0655414
-1.17972, -0.204394, -0.175784, 0.0660004, 0.0562787, 0.0669773
-1.28668, -0.108291, -0.131249, 0.0681457, 0.0553593, 0.0682046
-1.31057, 0.00648892, -0.080382, 0.0701765, 0.0543161, 0.0690426
-1.25403, 0.113432, -0.0352733, 0.0719225, 0.0534086, 0.0694528
-1.17664, 0.189954, 0.0178967, 0.0733037, 0.0529557, 0.0695526
-1.12716, 0.254929, 0.0485566, 0.0742258, 0.0528335, 0.0693295
-1.05761, 0.296034, 0.0764228, 0.0747315, 0.0532048, 0.0689284
-0.96877, 0.319754, 0.11835, 0.0744576, 0.0535219, 0.0674487
-0.885251, 0.33009, 0.141428, 0.0744556, 0.0546009, 0.0661609
-0.820282, 0.311612, 0.178168, 0.0739614, 0.055967, 0.0653712
-0.738907, 0.297872, 0.179228, 0.0730451, 0.0570594, 0.0644036
-0.660795, 0.287058, 0.180199, 0.0714259, 0.057508, 0.0629756
-0.593865, 0.257812, 0.182902, 0.0696936, 0.0579028, 0.0615809
-0.511599, 0.203385, 0.172841, 0.0682235, 0.0587352, 0.0605146
-0.398793, 0.12546, 0.130872, 0.0664924, 0.0589469, 0.0595065
-0.303346, 0.0457292, 0.102255, 0.0657385, 0.0591334, 0.0592765
-0.206394, -0.0369101, 0.0473668, 0.0652368, 0.0594398, 0.0594312
-0.116044, -0.0987819, -0.00339552, 0.0646602, 0.0590148, 0.0594228
-0.0135233, -0.17702, -0.0434056, 0.0621668, 0.0568648, 0.0576659
0.0779629, -0.250305, -0.0830608, 0.0593319, 0.0540997, 0.0559165
0.149801, -0.284568, -0.136507, 0.0576305, 0.0522076, 0.0550175
0.212587, -0.315013, -0.160979, 0.0562974, 0.0507292, 0.0541845
0.258114, -0.321846, -0.194888, 0.05568, 0.0498137, 0.0537542
0.299612, -0.320963, -0.228625, 0.0554824, 0.0491018, 0.0536286
0.355577, -0.32671, -0.266172, 0.0550623, 0.0482175, 0.0533521
0.417656, -0.319117, -0.30115, 0.0551425, 0.0477507, 0.053482
0.467927, -0.300007, -0.322878, 0.0554432, 0.0474105, 0.0538077
0.504867, -0.271833, -0.342282, 0.0556409, 0.0469218, 0.054081
0.549542, -0.242194, -0.366581, 0.0560171, 0.0466819, 0.0545392
0.604953, -0.209598, -0.379836, 0.0556905, 0.0460095, 0.0548543
0.586612, -0.157665, -0.351315, 0.0562243, 0.0459778, 0.0553451
0.551493, -0.100351, -0.338006, 0.0566563, 0.0457806, 0.055715
0.502293, -0.0749834, -0.307646, 0.0570182, 0.0457713, 0.0558765
0.475662, -0.0419192, -0.279207, 0.0573167, 0.0458168, 0.0561365
0.44114, -0.0145721, -0.252345, 0.0579686, 0.0464292, 0.0564846
0.399264, 0.00428842, -0.234682, 0.058318, 0.0468805, 0.0566409
0.353464, 0.0192329, -0.212616, 0.0587773, 0.0475302, 0.0567921
0.330235, 0.0355968, -0.185716, 0.0590456, 0.0482294, 0.0568696
0.303553, 0.0423096, -0.163974, 0.0586752, 0.0485188, 0.0567801
0.255875, 0.035033, -0.144371, 0.0582509, 0.0487861, 0.0565586
0.207505, 0.0312925, -0.122209, 0.0579428, 0.0491643, 0.056339
0.188357, 0.0230224, -0.103821, 0.0578145, 0.0494783, 0.0562155
0.14911, -0.0056177, -0.0780068, 0.0577673, 0.0499143, 0.0562678
0.105692, -0.0175437, -0.0652193, 0.0578515, 0.0502592, 0.0564603
0.07969, -0.0486385, -0.0466109, 0.0574463, 0.0503286, 0.0563621
0.0626032, -0.0800889, -0.0269991, 0.0568866, 0.0504351, 0.0561852
0.041998, -0.112827, -0.00707851, 0.0563701, 0.0503786, 0.0559368
0.0180726, -0.146433, 0.00785359, 0.0559365, 0.0504893, 0.0557162
0.00687715, -0.196515, 0.030112, 0.0551881, 0.0501275, 0.0552138
-0.00383757, -0.217677, 0.0439273, 0.0546798, 0.0499132, 0.0549398
-0.0107778, -0.265962, 0.0667611, 0.0536046, 0.0491477, 0.0537235
-0.0125012, -0.31688, 0.0859924, 0.0531054, 0.0488349, 0.0528909
-0.0253201, -0.348795, 0.105008, 0.0528553, 0.0487047, 0.0524229
-0.0285847, -0.382086, 0.122786, 0.0513597, 0.0470241, 0.0514461
-0.0313347, -0.424223, 0.14721, 0.0507831, 0.0468654, 0.0512036
-0.0357747, -0.445315, 0.161313, 0.0503946, 0.0467324, 0.0510105
-0.0490321, -0.482224, 0.185505, 0.0501881, 0.0468917, 0.0507467
-0.0494926, -0.500473, 0.202428, 0.0502713, 0.0474237, 0.0507196
-0.0628833, -0.519969, 0.228263, 0.0500349, 0.0475412, 0.0504933
-0.0677512, -0.537047, 0.250483, 0.0496916, 0.0476218, 0.05017
-0.0830498, -0.556854, 0.27911, 0.0494615, 0.0477734, 0.0500396
-0.0996869, -0.569209, 0.306341, 0.0494642, 0.0480978, 0.0500504
-0.118893, -0.573315, 0.337073, 0.0489694, 0.0478325, 0.0499154
-0.13482, -0.569804, 0.366514, 0.0486906, 0.0478003, 0.0499819
-0.166242, -0.563312, 0.401057, 0.0484228, 0.0477518, 0.0501427
-0.188726, -0.551154, 0.436978, 0.0480757, 0.0475702, 0.0503849
-0.197993, -0.506216, 0.441943, 0.0481164, 0.047497, 0.05103
-0.204512, -0.459867, 0.447872, 0.0480333, 0.0472896, 0.0515757
-0.21444, -0.411004, 0.45457, 0.0480607, 0.0471624, 0.0522134
-0.215433, -0.357514, 0.448608, 0.0478706, 0.0467664, 0.0527447
-0.211786, -0.296473, 0.438147, 0.0466714, 0.0448806, 0.0528068
-0.215329, -0.234602, 0.430367, 0.0463748, 0.0443038, 0.0531095
-0.211152, -0.176452, 0.423091, 0.0454913, 0.043012, 0.0526994
-0.207902, -0.117602, 0.403188, 0.045434, 0.0425043, 0.0528622
-0.195954, -0.0757788, 0.394375, 0.045613, 0.042178, 0.0530208
-0.183732, -0.0294702, 0.386257, 0.0456956, 0.0417995, 0.0529441
-0.170038, 0.00662428, 0.37953, 0.0461919, 0.0419122, 0.0528514
-0.16241, 0.0434779, 0.369227, 0.0464849, 0.0418156, 0.0525247
-0.137518, 0.0655853, 0.342128, 0.0464412, 0.0412444, 0.0517038
-0.112455, 0.0853742, 0.33158, 0.0467355, 0.040977, 0.0510472
-0.0917812, 0.09787, 0.308748, 0.0472508, 0.0411788, 0.0509591
-0.0660887, 0.105861, 0.286636, 0.0473318, 0.0409548, 0.0503122
-0.0387641, 0.111304, 0.275221, 0.0474363, 0.0408205, 0.049664
-0.0137605, 0.112587, 0.25878, 0.0474393, 0.0406635, 0.0490686
0.00582361, 0.112886, 0.255577, 0.0476563, 0.0407272, 0.0487626
0.0163991, 0.113881, 0.252601, 0.0477003, 0.0407099, 0.0483412
0.0269808, 0.117046, 0.257936, 0.0478725, 0.0407824, 0.0481493
0.0446436, 0.121064, 0.26798, 0.0480299, 0.0409271, 0.0480292
0.0512372, 0.130213, 0.27611, 0.0481786, 0.0409073, 0.0478648
0.061232, 0.141676, 0.290318, 0.0483467, 0.0409188, 0.0479617
0.064561, 0.146913, 0.29292, 0.0486231, 0.0410954, 0.0483596
0.0687346, 0.151264, 0.274879, 0.0483287, 0.0406119, 0.0480556
0.0804242, 0.153595, 0.259808, 0.0483298, 0.0405898, 0.04793
0.0962324, 0.153953, 0.253959, 0.0484059, 0.0407313, 0.0479351
0.0953554, 0.1567, 0.246324, 0.0487915, 0.0410526, 0.0481393
0.0901478, 0.159464, 0.230572, 0.0489969, 0.0412332, 0.0482507
0.0869895, 0.162051, 0.210579, 0.0488208, 0.0409502, 0.0483731
0.092048, 0.16205, 0.196016, 0.0486922, 0.0408069, 0.0484104
0.0962553, 0.162209, 0.185642, 0.0486896, 0.0409013, 0.048531
0.0898941, 0.160398, 0.167788, 0.0490026, 0.041446, 0.0490123
0.0755871, 0.161884, 0.146871, 0.0497987, 0.0423807, 0.0494896
0.0638179, 0.1618, 0.128491, 0.0503683, 0.0429458, 0.0499253
0.0667541, 0.159295, 0.118474, 0.0506901, 0.0435159, 0.0504056
0.0628624, 0.157195, 0.105501, 0.0502646, 0.0430077, 0.0505289
0.039669, 0.156104, 0.0890465, 0.0497968, 0.0422945, 0.0501151
0.0236826, 0.155326, 0.0740651, 0.0496111, 0.0420898, 0.0499959
0.0212582, 0.154485, 0.0657185, 0.0496001, 0.0422238, 0.0501304
0.0198325, 0.151025, 0.0553872, 0.0496771, 0.0423557, 0.0502025
-0.00835959, 0.146193, 0.042416, 0.0497053, 0.042361, 0.0501715
-0.0378046, 0.143881, 0.0332869, 0.0497897, 0.0424106, 0.050234
-0.0460812, 0.141928, 0.0258988, 0.0498932, 0.0424798, 0.0503064
-0.0465467, 0.140128, 0.019227, 0.0501962, 0.0427402, 0.0505667
-0.0723427, 0.140295, 0.0172099, 0.0503793, 0.0428842, 0.0508021
-0.102342, 0.137836, 0.0157581, 0.0504216, 0.0428647, 0.0508861
-0.108292, 0.135676, 0.00933651, 0.0504785, 0.0429318, 0.0509575
-0.10961, 0.135262, 0.00221071, 0.0507139, 0.0432098, 0.0511845
-0.132282, 0.137811, 0.00679491, 0.0508186, 0.0433192, 0.051283
-0.159671, 0.141199, 0.0178157, 0.050963, 0.0435653, 0.0514269
-0.174338, 0.139653, 0.0184989, 0.0511704, 0.0438459, 0.0516843
-0.178928, 0.137668, 0.0147529, 0.051467, 0.0442409, 0.0519472
-0.193519, 0.142005, 0.0178351, 0.0518304, 0.0446755, 0.0523666
-0.212542, 0.150005, 0.0297922, 0.0520449, 0.0450432, 0.0526991
-0.221043, 0.152176, 0.0374799, 0.0515806, 0.0447099, 0.0522515
-0.226645, 0.148613, 0.0351624, 0.0516628, 0.0450424, 0.0522674
-0.233288, 0.154124, 0.0392016, 0.0515299, 0.0452135, 0.0521179
-0.247525, 0.166078, 0.0499203, 0.0517442, 0.046105, 0.0526036
-0.25238, 0.170361, 0.0631887, 0.051942, 0.0465534, 0.0528637
-0.249351, 0.155044, 0.0584161, 0.0514271, 0.0458125, 0.0520228
-0.238378, 0.153408, 0.063978, 0.0510939, 0.0454748, 0.0515978
-0.236745, 0.150749, 0.0661994, 0.0508382, 0.0453159, 0.0513356
-0.235602, 0.154069, 0.0771115, 0.0508262, 0.0454813, 0.0515082
-0.230227, 0.151261, 0.080231, 0.0508378, 0.0456219, 0.0516493
-0.219065, 0.146745, 0.0817407, 0.0507082, 0.0455229, 0.0516289
-0.207294, 0.143848, 0.0816133, 0.0505228, 0.0454372, 0.0515693
-0.186353, 0.14408, 0.0868865, 0.050369, 0.0453563, 0.0515679
-0.17324, 0.140846, 0.0886162, 0.0504532, 0.0454459, 0.0518191
-0.159303, 0.139131, 0.0911112, 0.0502723, 0.0453713, 0.0519256
-0.14693, 0.135036, 0.0917708, 0.0501464, 0.0453084, 0.0520949
-0.132397, 0.128664, 0.0912637, 0.0500424, 0.0452426, 0.0522022
-0.118287, 0.123426, 0.0897865, 0.0499475, 0.0452358, 0.052206
-0.10297, 0.114778, 0.0860063, 0.0496579, 0.0451238, 0.0520398
-0.0886033, 0.108648, 0.0839004, 0.0495073, 0.045137, 0.052001
-0.0745467, 0.10395, 0.0833248, 0.0493726, 0.0451332, 0.0519041
-0.0624621, 0.099778, 0.0825963, 0.0494201, 0.0453012, 0.0519981
-0.0518301, 0.0923129, 0.0793678, 0.0493563, 0.0453358, 0.0520606
-0.0374041, 0.0868192, 0.077049, 0.0493102, 0.045382, 0.0520826
-0.0269516, 0.0824484, 0.0762243, 0.0493287, 0.0454908, 0.052168
-0.0157247, 0.0781857, 0.0747732, 0.0492187, 0.0454669, 0.0521185
-0.00734633, 0.073868, 0.0730004, 0.049081, 0.0454444, 0.0520077
0.0019477, 0.0711493, 0.0717056, 0.0489909, 0.0454759, 0.0519181
0.011183, 0.0705056, 0.0733432, 0.0489792, 0.0455441, 0.05192
0.019183, 0.0680618, 0.0723883, 0.0491601, 0.0456982, 0.0520907
0.0227145, 0.063877, 0.0701087, 0.0491809, 0.0457507, 0.0521093
0.0290953, 0.0682644, 0.0748141, 0.0493699, 0.0459233, 0.0523044
0.027784, 0.0746992, 0.0786611, 0.0491954, 0.0459042, 0.051881
0.0318635, 0.0810873, 0.0834793, 0.049257, 0.0461085, 0.0516981
0.028102, 0.0800241, 0.0815353, 0.0493842, 0.0463293, 0.0516482
0.0309667, 0.0795788, 0.0797805, 0.049503, 0.0464186, 0.0516329
0.0294723, 0.0898268, 0.0844439, 0.050428, 0.0473834, 0.0526334
0.0235011, 0.102848, 0.0908835, 0.0507567, 0.0477047, 0.0529862
0.0139922, 0.113559, 0.0983505, 0.0513322, 0.0481475, 0.0537286
0.00989134, 0.123264, 0.104561, 0.0517875, 0.0483475, 0.05441
0.0111809, 0.125046, 0.104766, 0.0516735, 0.047666, 0.0542477
-0.00202141, 0.135407, 0.11572, 0.0517153, 0.047572, 0.0542063
-0.00790046, 0.140232, 0.113033, 0.0517262, 0.0474963, 0.0539582
-0.0256425, 0.153661, 0.126959, 0.0518369, 0.0475662, 0.0538258
-0.0315549, 0.151127, 0.120391, 0.0520752, 0.04767, 0.0537803
-0.0433748, 0.161907, 0.123527, 0.0523106, 0.0477659, 0.0537775
-0.0661344, 0.172812, 0.135099, 0.0527439, 0.0482451, 0.0541172
-0.0800933, 0.17254, 0.133002, 0.053097, 0.0484129, 0.0543223
-0.0900741, 0.172774, 0.128329, 0.0532408, 0.0482967, 0.0543402
-0.101372, 0.173405, 0.124182, 0.0533842, 0.0482215, 0.0543633
-0.115358, 0.175834, 0.121434, 0.0535254, 0.048147, 0.054348
-0.132126, 0.176681, 0.11961, 0.0537562, 0.0482223, 0.0544576
-0.154407, 0.177781, 0.120878, 0.0540121, 0.0482953, 0.0546552
-0.174644, 0.176837, 0.118897, 0.0540972, 0.0482165, 0.0546797
-0.180926, 0.169372, 0.111044, 0.0540978, 0.0481849, 0.054657
-0.176573, 0.162549, 0.102278, 0.0541039, 0.0480894, 0.0547101
-0.175083, 0.15752, 0.0949153, 0.0541598, 0.0481187, 0.0548097
-0.202597, 0.152514, 0.0910405, 0.0541663, 0.0482229, 0.0549039
-0.221855, 0.140513, 0.0827383, 0.0542315, 0.0482949, 0.0550081
-0.20913, 0.134513, 0.0763481, 0.0540723, 0.0480975, 0.0549865
-0.220149, 0.123879, 0.0689458, 0.0538893, 0.0480079, 0.0549543
-0.218432, 0.116644, 0.0645283, 0.0538869, 0.0481892, 0.0551648
-0.222445, 0.102374, 0.0555654, 0.0542256, 0.0486261, 0.0556077
-0.222909, 0.0925064, 0.0499084, 0.0543535, 0.0487911, 0.0558686
-0.223848, 0.0845774, 0.0456073, 0.0544387, 0.0489192, 0.0561329
-0.219565, 0.0722417, 0.0409221, 0.0545073, 0.0494237, 0.0560961
-0.212297, 0.0602618, 0.0347943, 0.0546863, 0.049748, 0.0559911
-0.20182, 0.0534444, 0.0297954, 0.0549894, 0.0498458, 0.0560645
-0.195447, 0.0476889, 0.0209464, 0.0541145, 0.0487127, 0.0551011
-0.191017, 0.0384883, 0.0137523, 0.0536488, 0.048209, 0.0547244
-0.188032, 0.027535, 0.00661936, 0.053321, 0.0478232, 0.0544874
-0.182305, 0.0213063, 0.00229282, 0.0531697, 0.0475618, 0.0544412
-0.177328, 0.0185072, -6.6177e-05, 0.0531602, 0.0474352, 0.0549144
-0.171501, 0.0105926, -0.00352698, 0.0530641, 0.0472411, 0.0553105
-0.165817, 0.00616479, -0.00439428, 0.0528236, 0.0469851, 0.0554779
-0.160913, 0.0108093, 0.00190348, 0.0527607, 0.0468371, 0.0557005
-0.152417, 0.0189697, 0.0107583, 0.0526085, 0.0466848, 0.0557976
-0.1388, 0.0247086, 0.0187863, 0.0524487, 0.0465427, 0.0557982
-0.130345, 0.0202329, 0.0236504, 0.0522504, 0.0465121, 0.055716
-0.115557, 0.0268022, 0.0339335, 0.0520242, 0.0464451, 0.0556071
-0.0907325, 0.0461702, 0.0578947, 0.0518996, 0.0464634, 0.0556077
-0.0817858, 0.073445, 0.0862595, 0.0519163, 0.0465916, 0.0557473
-0.0739603, 0.108335, 0.116885, 0.0519165, 0.0467245, 0.0558835
-0.0772224, 0.135711, 0.135859, 0.0520804, 0.0469832, 0.0561655
-0.0494748, 0.160543, 0.160429, 0.0518021, 0.0471146, 0.0554743
-0.0406039, 0.175315, 0.175654, 0.0516295, 0.0472862, 0.054915
-0.0435258, 0.204998, 0.188167, 0.0518349, 0.0475647, 0.0553483
-0.0534438, 0.255199, 0.213636, 0.0519248, 0.0479441, 0.0552206
-0.0549485, 0.293068, 0.228015, 0.0519771, 0.0482458, 0.055095
-0.075434, 0.344128, 0.233914, 0.0521486, 0.0485682, 0.0551368
-0.0822303, 0.365853, 0.225907, 0.0522684, 0.0488421, 0.0551937
-0.108274, 0.39523, 0.213399, 0.0529874, 0.049756, 0.0558733
-0.146912, 0.424706, 0.198415, 0.0530968, 0.0499162, 0.0559279
-0.190434, 0.451638, 0.183, 0.0530575, 0.0501864, 0.0559349
-0.224003, 0.476941, 0.149754, 0.052763, 0.0499864, 0.0557414
-0.282051, 0.49071, 0.111009, 0.0532304, 0.0507412, 0.0563244
-0.349273, 0.501856, 0.0585898, 0.0537272, 0.0513561, 0.0570883
-0.426002, 0.510458, 0.0106525, 0.0539909, 0.0513987, 0.058205
-0.486724, 0.493669, -0.0577061, 0.0544906, 0.0518781, 0.0594511
-0.5855, 0.474657, -0.132873, 0.0545977, 0.0520222, 0.0603124
-0.676621, 0.432145, -0.209731, 0.0549057, 0.0524114, 0.0610905
-0.770842, 0.376399, -0.287753, 0.0558238, 0.0531836, 0.0620733
-0.856127, 0.284817, -0.375742, 0.0566202, 0.0537793, 0.0626753
-0.894622, 0.191058, -0.451568, 0.0573933, 0.0542688, 0.0632034
-0.916076, 0.112181, -0.494033, 0.0582131, 0.0548584, 0.063825
-0.942067, 0.0248621, -0.552417, 0.0590704, 0.054783, 0.0642404
-0.984361, -0.0812294, -0.613753, 0.0600362, 0.0558831, 0.0645651
-1.00466, -0.189608, -0.666394, 0.060839, 0.0567573, 0.0647949
-0.9823, -0.287915, -0.716095, 0.0615052, 0.056876, 0.0648645
-0.941794, -0.389634, -0.760027, 0.0618027, 0.0563329, 0.0646519
-0.903254, -0.500129, -0.81502, 0.0618914, 0.0556843, 0.064218
-0.868224, -0.60359, -0.844747, 0.0619971, 0.055354, 0.0638437
-0.801659, -0.686112, -0.901363, 0.0616333, 0.0544246, 0.0623992
-0.714179, -0.768475, -0.934484, 0.0621062, 0.0545069, 0.0625959
-0.629835, -0.847591, -0.984671, 0.0619238, 0.0540055, 0.0617602
-0.538386, -0.91085, -1.00906, 0.0613624, 0.0520417, 0.0605979
-0.444568, -0.957092, -1.03506, 0.0611503, 0.0508075, 0.0598028
-0.31894, -0.98928, -1.05826, 0.0614809, 0.0510371, 0.0593802
-0.205792, -0.968899, -1.04225, 0.0614335, 0.0497068, 0.0586303
-0.113388, -0.914823, -0.979519, 0.0615019, 0.0492958, 0.058074
-0.0336424, -0.861741, -0.943107, 0.0613954, 0.0485823, 0.0572596
0.0645894, -0.822338, -0.898596, 0.0608598, 0.0477232, 0.0561983
0.115039, -0.756364, -0.86369, 0.0604916, 0.047348, 0.0555712
0.159563, -0.682793, -0.814767, 0.0592932, 0.0456792, 0.0539343
0.199242, -0.613976, -0.754133, 0.0584938, 0.0452571, 0.0530569
0.236273, -0.542955, -0.709639, 0.057084, 0.0447615, 0.0521077
0.267995, -0.470226, -0.661129, 0.055707, 0.0441847, 0.0513457
0.262057, -0.396253, -0.615534, 0.0545016, 0.043718, 0.0505918
0.255111, -0.330545, -0.562133, 0.0539127, 0.0436249, 0.0501553
0.256424, -0.282353, -0.495986, 0.0529571, 0.0433324, 0.0496419
0.244883, -0.222118, -0.466325, 0.0523318, 0.0431515, 0.0492899
0.21762, -0.174089, -0.415476, 0.0515896, 0.0432119, 0.0491512
0.177027, -0.134499, -0.367473, 0.0530363, 0.0445103, 0.0497521
0.146106, -0.0994496, -0.319767, 0.0533971, 0.0449446, 0.0499712
0.108058, -0.0685237, -0.27302, 0.0530919, 0.0448849, 0.0497648
0.091915, -0.0430568, -0.211883, 0.0528174, 0.0449944, 0.0497912
0.07414, -0.0294831, -0.175819, 0.051804, 0.0446986, 0.049146
0.0647651, -0.0217545, -0.146591, 0.051558, 0.0448727, 0.0489874
0.0646319, -0.01483, -0.116956, 0.0511481, 0.0448699, 0.0486905
0.0864345, -0.0161496, -0.0851312, 0.0510272, 0.0449972, 0.0485269
0.112998, -0.024635, -0.0761285, 0.050991, 0.0451775, 0.0483481
0.150917, -0.0341654, -0.0683629, 0.0485428, 0.0439592, 0.0470869
0.184799, -0.0413592, -0.0599216, 0.0478668, 0.0438558, 0.0464329
0.239779, -0.0563814, -0.0721218, 0.047622, 0.0437152, 0.0460647
0.293454, -0.0733525, -0.0950838, 0.0474854, 0.0434566, 0.0459072
0.32907, -0.077194, -0.105974, 0.0474428, 0.0431857, 0.046013
0.364437, -0.0802244, -0.0936823, 0.047339, 0.042993, 0.0461849
0.409868, -0.0851267, -0.101276, 0.0470756, 0.0424564, 0.0461796
0.452855, -0.0887583, -0.119711, 0.0466761, 0.0418964, 0.0460278
0.490534, -0.0859017, -0.122626, 0.0463903, 0.0414338, 0.0459803
0.527949, -0.0810565, -0.115961, 0.0462724, 0.0412813, 0.0461147
0.5582, -0.0780187, -0.116643, 0.046093, 0.0409785, 0.0461291
0.602825, -0.0688033, -0.128782, 0.0460764, 0.0407637, 0.0462504
0.634837, -0.0612338, -0.124475, 0.0461483, 0.0406365, 0.0464679
0.670061, -0.0446007, -0.137598, 0.0463356, 0.0405986, 0.0467272
0.706309, -0.0218109, -0.170688, 0.0465889, 0.040581, 0.0470696
0.723424, -0.0112735, -0.155392, 0.0469555, 0.0408023, 0.0475396
0.680992, 0.0169335, -0.155152, 0.0473088, 0.0407759, 0.0479484
0.59163, 0.0273424, -0.138635, 0.047567, 0.0409327, 0.0483011
0.533131, 0.0307037, -0.130686, 0.0482859, 0.0418943, 0.049324
0.522902, 0.0455921, -0.12883, 0.0477595, 0.0410793, 0.0492722
0.478895, 0.0522738, -0.111295, 0.0489558, 0.0422116, 0.050024
0.429303, 0.0576418, -0.106747, 0.0497571, 0.0429973, 0.0508301
0.387647, 0.0631938, -0.110388, 0.0497098, 0.0428853, 0.0506251
0.358635, 0.0622274, -0.0827381, 0.0498416, 0.0438816, 0.0508815
0.319648, 0.0653558, -0.0776108, 0.0510156, 0.0451816, 0.0516344
0.284895, 0.0601125, -0.0697972, 0.0505455, 0.0456956, 0.051502
0.252437, 0.0542291, -0.0589716, 0.0501428, 0.046195, 0.0514358
0.248783, 0.0594859, -0.0550981, 0.0499239, 0.0465611, 0.051379
0.25337, 0.0594429, -0.0445325, 0.049624, 0.04702, 0.0515531
0.276866, 0.0746176, -0.0448084, 0.048829, 0.0462345, 0.050401
0.281144, 0.0780738, -0.036061, 0.048993, 0.0469415, 0.0510074
0.316309, 0.0951991, -0.0266145, 0.0492617, 0.0475545, 0.0515486
0.331938, 0.11699, -0.0218438, 0.0497711, 0.0479904, 0.0520201
0.343022, 0.137844, -0.00253577, 0.0512334, 0.048677, 0.0527346
0.348292, 0.155329, 0.0325659, 0.0527639, 0.0491349, 0.0530591
0.364954, 0.183414, 0.0709484, 0.0558421, 0.0503404, 0.0539695
0.364961, 0.201445, 0.10501, 0.056074, 0.049674, 0.0531159
0.365704, 0.228143, 0.143476, 0.055807, 0.0485665, 0.0530908
0.345626, 0.244923, 0.187438, 0.0580339, 0.0504475, 0.0548636
0.331164, 0.243497, 0.25736, 0.0588986, 0.0515272, 0.056114
0.318043, 0.269452, 0.304612, 0.0588233, 0.0510231, 0.0558753
0.295465, 0.264233, 0.367867, 0.0591841, 0.0517211, 0.0559075
0.273149, 0.274869, 0.4347, 0.0598673, 0.0531292, 0.0561708
0.245248, 0.26741, 0.516408, 0.0607945, 0.0548962, 0.0563999
0.209193, 0.251941, 0.605671, 0.0633577, 0.0580657, 0.057822
0.169354, 0.240078, 0.690242, 0.0640821, 0.060131, 0.0579843
0.112105, 0.213452, 0.791921, 0.0665872, 0.0644881, 0.0597501
0.0364396, 0.15963, 0.860809, 0.0679324, 0.0682495, 0.0612081
-0.0384017, 0.0811742, 0.901534, 0.0684882, 0.0713375, 0.0624182
-0.115361, 0.0138769, 0.923142, 0.0689795, 0.073939, 0.0637398
-0.196746, -0.0589479, 0.950618, 0.0686543, 0.0757369, 0.0644611
-0.274687, -0.137316, 0.969746, 0.0685418, 0.0774916, 0.065423
-0.357039, -0.211494, 0.952581, 0.0684329, 0.0789739, 0.0664584
-0.439235, -0.251036, 0.905332, 0.0655563, 0.0646702, 0.0614855
-0.521127, -0.310534, 0.876792, 0.0649888, 0.0601226, 0.0609366
-0.592708, -0.356454, 0.819586, 0.0644481, 0.0572355, 0.060751
-0.634903, -0.394645, 0.732127, 0.0640316, 0.0553787, 0.0609594
-0.662851, -0.405998, 0.644155, 0.0635965, 0.0539393, 0.0611759
-0.691819, -0.414814, 0.574816, 0.0633064, 0.0534023, 0.0615277
-0.708959, -0.427038, 0.504005, 0.0629844, 0.0530896, 0.0617262
-0.714996, -0.40942, 0.428918, 0.0625296, 0.0527388, 0.0617041
-0.710558, -0.404949, 0.36535, 0.0620052, 0.0525773, 0.0615413
-0.695422, -0.371458, 0.301708, 0.0608242, 0.0517012, 0.0607436
-0.677709, -0.347289, 0.248611, 0.0600088, 0.0512387, 0.0600424
-0.651163, -0.312841, 0.208566, 0.0582925, 0.0494933, 0.0580386
-0.620526, -0.284379, 0.165568, 0.0574908, 0.0489537, 0.0569554
-0.577042, -0.2552, 0.124052, 0.0567269, 0.0484155, 0.0559128
-0.540755, -0.230881, 0.0927773, 0.0560193, 0.0478246, 0.0549281
-0.504453, -0.203451, 0.0743136, 0.0552468, 0.0471634, 0.0539301
-0.456374, -0.164389, 0.0629221, 0.0542054, 0.0463222, 0.0530897
-0.410724, -0.12734, 0.0501532, 0.0533259, 0.0456088, 0.0523558
-0.362989, -0.114733, 0.0224684, 0.0522828, 0.0448358, 0.0513393
-0.310074, -0.0877261, 0.0209236, 0.0515691, 0.044387, 0.050836
-0.26063, -0.069537, 0.0153841, 0.0506501, 0.0437578, 0.0500532
-0.208794, -0.053002, 0.00735518, 0.0497581, 0.0432277, 0.0493712
-0.155974, -0.0363731, 0.0092103, 0.0490887, 0.042897, 0.0488821
-0.105521, -0.023107, 0.00506305, 0.0484986, 0.0426667, 0.0485421
-0.0507551, -0.0170431, -0.00502585, 0.0478768, 0.0423859, 0.0481573
-0.0525234, -0.0115796, 0.00232033, 0.0473093, 0.042209, 0.0478365
-0.0794802, 0.01184, 0.0414884, 0.0469712, 0.0421395, 0.0477744
-0.0988372, 0.020833, 0.0650408, 0.0467376, 0.0421663, 0.047714
-0.0864975, 0.021782, 0.0581546, 0.0463465, 0.0419735, 0.04736
-0.0845469, 0.0284276, 0.06885, 0.046131, 0.0418939, 0.0472381
-0.0975381, 0.0444751, 0.0890859, 0.0460393, 0.0419496, 0.0472385
-0.118499, 0.0600845, 0.109862, 0.0458335, 0.0418147, 0.0470416
-0.123677, 0.0718479, 0.121463, 0.0458303, 0.0418991, 0.0471078
-0.126311, 0.0838927, 0.133239, 0.0458152, 0.0418964, 0.0471206
-0.137153, 0.104754, 0.15042, 0.0458823, 0.041971, 0.047285
-0.148731, 0.118707, 0.159767, 0.0459302, 0.0420426, 0.0473232
-0.154904, 0.13673, 0.172857, 0.0459912, 0.0421203, 0.047384
-0.152166, 0.160905, 0.189363, 0.0460378, 0.042142, 0.0474028
-0.164619, 0.190435, 0.213815, 0.0462285, 0.0423114, 0.0476227
-0.169164, 0.208133, 0.216862, 0.0464157, 0.0425167, 0.0478692
-0.166341, 0.23383, 0.227576, 0.046759, 0.0427822, 0.0480453
-0.157318, 0.265726, 0.245729, 0.047129, 0.0431141, 0.0484278
-0.160852, 0.294245, 0.254953, 0.0471519, 0.0431531, 0.0485684
-0.169746, 0.322877, 0.261593, 0.0474523, 0.0434328, 0.0489903
-0.164937, 0.359448, 0.280908, 0.0476679, 0.0436393, 0.0493183
-0.172929, 0.388758, 0.290706, 0.0481763, 0.044192, 0.0500513
-0.161119, 0.399949, 0.29275, 0.0486256, 0.0446205, 0.0505941
-0.140765, 0.364626, 0.240508, 0.0488555, 0.0448818, 0.0507967
-0.12901, 0.353939, 0.221918, 0.0490806, 0.0450993, 0.0510528
-0.126129, 0.361507, 0.231337, 0.04949, 0.0454787, 0.0515964
-0.133515, 0.344308, 0.210399, 0.0497649, 0.0457541, 0.0519283
-0.122117, 0.321246, 0.194611, 0.0499514, 0.0460127, 0.0521783
-0.111481, 0.30179, 0.174895, 0.0501745, 0.0461823, 0.0525268
-0.109188, 0.290998, 0.168702, 0.0504336, 0.0464013, 0.0528672
-0.112549, 0.270194, 0.151025, 0.0506374, 0.0465703, 0.0531677
-0.0958079, 0.250547, 0.134581, 0.0508006, 0.0467483, 0.0534661
-0.0792167, 0.243018, 0.132122, 0.0516078, 0.0473849, 0.054465
-0.0854722, 0.222715, 0.115035, 0.0523854, 0.047991, 0.0553791
-0.0865778, 0.20254, 0.104674, 0.0528441, 0.0481652, 0.0558724
-0.074955, 0.182144, 0.090505, 0.0531482, 0.0482703, 0.0562522
-0.0627265, 0.163739, 0.082145, 0.053345, 0.0483926, 0.0565549
-0.0611768, 0.142298, 0.0713616, 0.0534214, 0.0484582, 0.0566673
-0.0630871, 0.123734, 0.063921, 0.0535388, 0.0486546, 0.0568456
-0.0546286, 0.100093, 0.0511435, 0.0535875, 0.048749, 0.0568996
-0.0488986, 0.0734436, 0.0363812, 0.0535957, 0.0488474, 0.0569982
-0.0475205, 0.0485561, 0.0253911, 0.0535729, 0.0489058, 0.0570101
-0.0470171, 0.0277158, 0.0178311, 0.0536002, 0.0490149, 0.0571255
-0.0483914, 0.0123418, 0.0124176, 0.0537423, 0.0491441, 0.0572759
-0.0499522, 0.0113041, 0.0187347, 0.0538543, 0.0492221, 0.0573933
-0.0540222, 0.0111849, 0.0289857, 0.0539686, 0.0493026, 0.0574742
-0.0544797, -0.00133727, 0.0249064, 0.0540426, 0.0493803, 0.0574872
-0.0532642, -0.0102893, 0.0283775, 0.0541967, 0.0495003, 0.0576042
-0.0581546, -0.0204266, 0.0261213, 0.0542631, 0.0495936, 0.0576634
-0.0649231, -0.027393, 0.0297738, 0.0543279, 0.0497145, 0.0577596
-0.0671702, -0.0350592, 0.0286387, 0.0542703, 0.049537, 0.0575417
-0.0677978, -0.0431911, 0.0292593, 0.0543724, 0.049569, 0.0575143
-0.0686249, -0.0496656, 0.030649, 0.0534027, 0.0489566, 0.0565151
-0.0764289, -0.0550604, 0.0339784, 0.0529502, 0.0487106, 0.0559801
-0.0799615, -0.0577514, 0.0402908, 0.052734, 0.0486259, 0.0556478
-0.0814424, -0.0633875, 0.0389182, 0.0525883, 0.0484977, 0.0553611
-0.0826997, -0.0654265, 0.0391013, 0.0525085, 0.0483014, 0.0551421
-0.0993061, -0.0745412, 0.0409289, 0.0524265, 0.0482751, 0.0550551
-0.112149, -0.0751024, 0.0439475, 0.0524762, 0.0482516, 0.0550935
-0.11832, -0.0741285, 0.0507755, 0.0522084, 0.0480338, 0.0548543
-0.124685, -0.0730397, 0.0617396, 0.0524139, 0.0484056, 0.054983
-0.137664, -0.0741952, 0.0581716, 0.0524704, 0.048563, 0.0550359
-0.146871, -0.0734471, 0.0629371, 0.0523203, 0.0484791, 0.0549121
-0.138163, -0.0613631, 0.0757639, 0.0522958, 0.0485204, 0.0549269
-0.142356, -0.0559051, 0.0757664, 0.0520284, 0.0483221, 0.0545369
-0.162766, -0.0469572, 0.0869923, 0.0519295, 0.0483755, 0.0544353
-0.147163, -0.0239126, 0.0948204, 0.0518199, 0.0482992, 0.0544126
-0.122419, -0.00134431, 0.105772, 0.0518309, 0.0483214, 0.0544088
-0.129288, -0.000106701, 0.0992236, 0.0516776, 0.0483344, 0.0541391
-0.144075, 0.0117807, 0.110786, 0.051725, 0.0485212, 0.0541397
-0.131679, 0.0168227, 0.103838, 0.0518622, 0.0486082, 0.0542231
-0.100742, 0.036608, 0.121233, 0.0521646, 0.0487624, 0.0544878
-0.0894028, 0.0470225, 0.125355, 0.0527079, 0.049568, 0.0555073
-0.114044, 0.0545882, 0.12777, 0.0533926, 0.0502443, 0.0563714
-0.120563, 0.0556683, 0.124346, 0.0538339, 0.0503418, 0.056832
-0.0920584, 0.0583287, 0.132486, 0.0541463, 0.0502173, 0.056956
-0.0561635, 0.0595542, 0.126295, 0.0542864, 0.0500533, 0.0569769
-0.0537564, 0.0735107, 0.140004, 0.0543925, 0.050036, 0.0570636
-0.0640625, 0.0937738, 0.144784, 0.054023, 0.0493505, 0.0563864
-0.0602448, 0.0889693, 0.138015, 0.0537899, 0.0491464, 0.0558045
-0.0229947, 0.0749728, 0.128938, 0.0541466, 0.0495752, 0.0558445
-0.00491534, 0.0789239, 0.137108, 0.0545175, 0.0498849, 0.0559882
-0.000373353, 0.0964207, 0.139543, 0.0548161, 0.0501364, 0.0562438
-0.0111019, 0.114244, 0.147552, 0.0552678, 0.0504364, 0.0565869
0.00754775, 0.099176, 0.139121, 0.0554374, 0.0505774, 0.056752
0.0294037, 0.0628675, 0.122769, 0.0545408, 0.0496593, 0.0558705
0.0470159, 0.0643217, 0.125029, 0.0541288, 0.0493017, 0.0554778
0.0529655, 0.0918847, 0.139375, 0.0540464, 0.0492344, 0.0553766
0.0614293, 0.104928, 0.136857, 0.054058, 0.0492042, 0.0552444
0.0685606, 0.0743255, 0.121463, 0.0540675, 0.0492872, 0.0551344
0.0823541, 0.049433, 0.11285, 0.0540447, 0.0493184, 0.0550179
0.0842841, 0.0411316, 0.107136, 0.0544646, 0.0498979, 0.055664
0.0976847, 0.0678034, 0.117322, 0.0548272, 0.0502413, 0.0564035
0.106898, 0.0725176, 0.117649, 0.0547855, 0.0503646, 0.0566811
0.11415, 0.0467953, 0.102009, 0.0544085, 0.0499024, 0.056527
0.112554, 0.0183991, 0.089581, 0.0540639, 0.0496271, 0.0562315
0.119418, 0.0253676, 0.0939746, 0.0546772, 0.0502811, 0.0566993
0.123092, 0.0225696, 0.0891874, 0.0549137, 0.050656, 0.056896
0.12797, 0.0219729, 0.0881409, 0.05516, 0.0509846, 0.0571143
0.125025, -0.00280411, 0.0772041, 0.0557597, 0.0518991, 0.0579213
0.122771, -0.0165146, 0.0654372, 0.0562129, 0.0523897, 0.058506
0.123439, -0.0243562, 0.0578273, 0.0565983, 0.0527006, 0.0589497
0.120198, -0.020929, 0.0629918, 0.0570673, 0.0530501, 0.0595044
0.115509, -0.0344647, 0.052793, 0.0574397, 0.0534325, 0.0598663
0.11133, -0.0389867, 0.047297, 0.0587553, 0.0553403, 0.0609566
0.113977, -0.0493401, 0.0341257, 0.0587762, 0.0554631, 0.0603074
0.10332, -0.0547402, 0.0250676, 0.0576205, 0.0545976, 0.0597938
0.0891845, -0.0599554, 0.0229089, 0.0584011, 0.0555441, 0.0598261
0.0761909, -0.0466654, 0.0201241, 0.0587105, 0.056008, 0.0597156
0.0708186, -0.0617885, 0.00974891, 0.0588362, 0.0565897, 0.0594354
0.0531047, -0.0695921, -0.00259639, 0.0574332, 0.0556235, 0.0586949
0.0414501, -0.0669386, -0.00430332, 0.0568378, 0.0547622, 0.0583396
0.0244796, -0.0583437, -0.00399172, 0.0565966, 0.0544094, 0.0583029
0.0171774, -0.0499111, -0.0021077, 0.0563914, 0.0540592, 0.0581785
0.0148904, -0.0495411, -0.00685115, 0.0563154, 0.0540384, 0.0582556
0.00684492, -0.0501497, -0.0120741, 0.0561118, 0.0538191, 0.0580743
-0.00843025, -0.0495761, -0.0151369, 0.0560948, 0.0538651, 0.0581942
-0.0184044, -0.0429908, -0.0157273, 0.056028, 0.0539192, 0.0583254
-0.0223857, -0.0326802, -0.0148365, 0.0556081, 0.0536187, 0.058168
-0.0277456, -0.0306878, -0.0173638, 0.0553185, 0.0534552, 0.0581407
-0.036737, -0.0231248, -0.0147939, 0.0551276, 0.0532896, 0.0581399
-0.0469167, -0.0172227, -0.0148556, 0.0550767, 0.0533775, 0.0583277
-0.0511839, -0.0103905, -0.0126859, 0.0549137, 0.0533725, 0.0583119
-0.0532164, -0.00522707, -0.0123561, 0.0546315, 0.0531281, 0.0581031
-0.0583971, -0.000891129, -0.0114799, 0.0543986, 0.0529164, 0.0580162
-0.0631655, 0.0018969, -0.0118232, 0.0541168, 0.052556, 0.0578423
-0.0668753, 0.00572085, -0.010861, 0.0539791, 0.0524087, 0.0577967
-0.0724725, 0.0127444, -0.00560564, 0.0543853, 0.0528645, 0.0584478
-0.0524578, 0.0211188, -0.00419593, 0.0538594, 0.0522104, 0.0578688
-0.00196441, 0.0203416, -0.00780528, 0.0537281, 0.052336, 0.0578852
0.0505248, 0.022395, -0.0111188, 0.0533746, 0.0522807, 0.0576938
0.085842, 0.0289255, -0.0104641, 0.0531648, 0.052243, 0.0575846
0.120888, 0.0307908, -0.0162179, 0.0529746, 0.0521862, 0.0574053
0.153691, 0.032642, -0.0226149, 0.0530307, 0.0520366, 0.0574161
0.212361, 0.037448, -0.033624, 0.0530348, 0.0518758, 0.0573256
0.256123, 0.0491329, -0.0434176, 0.0530693, 0.0519021, 0.0573762
0.281999, 0.0588008, -0.0544602, 0.0532407, 0.0521104, 0.057548
0.310005, 0.0676305, -0.0684983, 0.0533986, 0.0520346, 0.0575958
0.349324, 0.0737368, -0.0945691, 0.0541086, 0.0524487, 0.0577985
0.387801, 0.0808553, -0.122207, 0.054628, 0.0526091, 0.0578758
0.41743, 0.0916307, -0.154749, 0.0549955, 0.0526652, 0.0579746
0.43962, 0.104217, -0.185297, 0.0553118, 0.0525562, 0.0581191
0.467086, 0.121846, -0.222063, 0.0555225, 0.0522433, 0.0582922
0.448493, 0.120189, -0.246091, 0.0559094, 0.0521145, 0.0584271
0.406331, 0.117985, -0.265912, 0.0561303, 0.05148, 0.0581072
0.34217, 0.105872, -0.26324, 0.0563905, 0.0513756, 0.0579177
0.294767, 0.102187, -0.256966, 0.0572324, 0.0518481, 0.0584159
0.262421, 0.0855134, -0.250871, 0.0579267, 0.0520601, 0.0585602
0.226409, 0.0768351, -0.248061, 0.0584525, 0.0520392, 0.0587498
0.176677, 0.0565033, -0.235804, 0.0587118, 0.0521308, 0.0587116
0.133647, 0.0406662, -0.216128, 0.0589031, 0.0522355, 0.0587436
0.106981, 0.029674, -0.197076, 0.0591034, 0.0523899, 0.0588589
0.0787413, 0.0129141, -0.17424, 0.0592014, 0.05253, 0.0589392
0.0470089, 0.00326144, -0.156378, 0.0595424, 0.0528952, 0.0593009
0.0110275, -0.00748189, -0.125284, 0.0597488, 0.0532307, 0.0595324
-0.0138016, -0.0230891, -0.0959572, 0.0598033, 0.0534014, 0.0595856
-0.0343039, -0.0372128, -0.0747292, 0.0598679, 0.0535237, 0.0597097
-0.0618848, -0.049856, -0.0484038, 0.0598077, 0.0534211, 0.0596943
-0.0953476, -0.0650301, -0.0243743, 0.0598005, 0.0534549, 0.0597649
-0.0869638, -0.126203, -0.0411863, 0.0593107, 0.0531289, 0.0592323
-0.070276, -0.172653, -0.0671617, 0.0590525, 0.0530419, 0.0590287
-0.0800396, -0.211202, -0.0747604, 0.0591034, 0.0532372, 0.0590441
-0.0993063, -0.250445, -0.0732984, 0.0594475, 0.0537213, 0.05923
-0.0979523, -0.300381, -0.0956895, 0.0595835, 0.0537569, 0.05902
-0.0834317, -0.34919, -0.124076, 0.0596476, 0.0539129, 0.058851
-0.0764334, -0.398108, -0.158814, 0.0598183, 0.0542131, 0.0587218
-0.0765492, -0.449271, -0.184372, 0.0577607, 0.0511484, 0.0573159
-0.0734471, -0.494047, -0.218125, 0.0571365, 0.0504406, 0.0568583
-0.0602171, -0.543953, -0.265234, 0.0564421, 0.0496084, 0.05622
-0.04047, -0.585192, -0.317808, 0.0559941, 0.0490507, 0.0557181
-0.0297097, -0.642017, -0.380973, 0.0556661, 0.0486621, 0.0553432
-0.0213159, -0.686176, -0.450708, 0.0554386, 0.0483639, 0.0550002
-0.0045883, -0.658679, -0.467847, 0.0548531, 0.0477551, 0.0551011
-0.00298954, -0.566907, -0.428399, 0.0548679, 0.0475268, 0.0554148
-0.0170822, -0.504054, -0.393625, 0.0546395, 0.0472587, 0.0551918
-0.0101587, -0.480828, -0.4012, 0.0541667, 0.0468509, 0.0545837
-0.00582762, -0.437735, -0.37799, 0.0539479, 0.0467197, 0.0543105
0.00532425, -0.374228, -0.345814, 0.0539798, 0.0466749, 0.0542275
-0.0205499, -0.327354, -0.288377, 0.0539946, 0.0466745, 0.0542153
-0.0268581, -0.278042, -0.24692, 0.0535137, 0.0461413, 0.0535702
-0.0201266, -0.243729, -0.218782, 0.053112, 0.0458252, 0.0530807
-0.0224342, -0.202985, -0.176285, 0.0528277, 0.0455619, 0.0526679
-0.0401678, -0.155048, -0.115266, 0.0525627, 0.0453511, 0.0523794
-0.053835, -0.110387, -0.0566331, 0.0525205, 0.0453479, 0.0522784
-0.0572981, -0.070962, -0.00731095, 0.0523808, 0.0452307, 0.0520453
-0.0637359, -0.0317667, 0.0346076, 0.0521264, 0.0449978, 0.0517186
-0.058273, -0.0150754, 0.0553499, 0.0518281, 0.0447896, 0.0512444
-0.0316207, -0.0101841, 0.0435343, 0.0515477, 0.0445736, 0.0508887
-0.0101064, 0.00335818, 0.0359842, 0.051446, 0.0444885, 0.0507956
-0.00920009, 0.0268679, 0.0600026, 0.0516146, 0.0445914, 0.050978
-0.00826536, 0.0532997, 0.082704, 0.0515936, 0.0445255, 0.0509786
0.0068813, 0.0726523, 0.0860609, 0.0514331, 0.0443723, 0.0507622
0.0255467, 0.083987, 0.0862346, 0.051366, 0.0443495, 0.0507088
0.0374205, 0.0954064, 0.0811584, 0.051434, 0.0444225, 0.0507856
0.0451408, 0.109216, 0.0812015, 0.0516923, 0.0447037, 0.0510809
0.0620815, 0.135651, 0.0687784, 0.0517949, 0.0447394, 0.051115
0.0745057, 0.161023, 0.082325, 0.0518495, 0.0447749, 0.0511147
0.0833053, 0.17385, 0.070068, 0.0521206, 0.0450736, 0.0513622
0.0923266, 0.184746, 0.0357373, 0.0522333, 0.0451859, 0.0513545
0.107222, 0.210658, 0.03347, 0.0526811, 0.0456881, 0.0517346
0.110895, 0.239617, 0.0352841, 0.0532147, 0.0462075, 0.0522301
0.133527, 0.246669, -0.00892932, 0.0535211, 0.046485, 0.0523591
0.127898, 0.248353, -0.0481731, 0.0536286, 0.0463684, 0.0518089
0.139362, 0.263135, -0.0824956, 0.0540828, 0.0467452, 0.0519545
0.168426, 0.294259, -0.125714, 0.0549991, 0.047726, 0.0525964
0.17683, 0.313142, -0.169657, 0.0563208, 0.0491916, 0.0536991
0.1851, 0.301392, -0.22413, 0.0573234, 0.0503678, 0.0545671
0.191893, 0.325546, -0.280986, 0.0582513, 0.0510817, 0.0553816
0.192287, 0.292379, -0.333453, 0.0586108, 0.0516948, 0.055817
0.17499, 0.288881, -0.366021, 0.0589982, 0.0521282, 0.0563704
0.170542, 0.277668, -0.417069, 0.059029, 0.0521786, 0.0561538
0.152097, 0.261173, -0.442635, 0.0594983, 0.0529697, 0.0566518
0.137655, 0.225334, -0.483388, 0.0598155, 0.0538084, 0.0570804
0.135478, 0.175523, -0.537006, 0.0609917, 0.056349, 0.0583927
0.103648, 0.143066, -0.551741, 0.0625154, 0.0592115, 0.0601446
0.0756588, 0.123476, -0.570165, 0.0640668, 0.0617749, 0.0618987
0.0508238, 0.0816481, -0.590299, 0.0651949, 0.0640223, 0.0632402
0.0261999, 0.0329082, -0.619789, 0.066137, 0.0660207, 0.0643255
-0.000234409, -0.0121752, -0.635698, 0.06716, 0.0679401, 0.0652497
-0.0377873, -0.0432575, -0.635449, 0.0686191, 0.0701188, 0.0663462
-0.0729557, -0.0694943, -0.615347, 0.0702706, 0.0724924, 0.0673797
-0.104081, -0.111548, -0.640767, 0.0712715, 0.0741223, 0.0680228
-0.14308, -0.148474, -0.628056, 0.0722805, 0.0755058, 0.068525
-0.186038, -0.169623, -0.61977, 0.0731657, 0.0763885, 0.0690936
-0.211115, -0.173919, -0.566795, 0.0731639, 0.0726771, 0.0646842
-0.242113, -0.19082, -0.5147, 0.0741121, 0.0732448, 0.0635913
-0.2807, -0.204861, -0.506294, 0.0744069, 0.0736908, 0.0630139
-0.316916, -0.2194, -0.46087, 0.0749338, 0.0749488, 0.0626841
-0.34747, -0.209246, -0.414974, 0.0730272, 0.0705226, 0.0615897
-0.381648, -0.205015, -0.365503, 0.0700084, 0.065882, 0.0607817
-0.414234, -0.203119, -0.330414, 0.0674767, 0.0630227, 0.0601602
-0.441611, -0.206984, -0.278301, 0.0655046, 0.0611822, 0.059553
-0.473945, -0.190414, -0.242279, 0.0644774, 0.0606982, 0.059682
-0.493083, -0.176749, -0.174117, 0.0636435, 0.0599712, 0.0595889
-0.522543, -0.169732, -0.138411, 0.0630904, 0.0593338, 0.0593908
-0.543894, -0.131551, -0.107538, 0.0613211, 0.0560061, 0.0582677
-0.568842, -0.100473, -0.0746377, 0.0607332, 0.0545818, 0.05771
-0.593343, -0.0789899, -0.020893, 0.0599576, 0.05321, 0.0569883
-0.597405, -0.03465, 0.0279936, 0.0595865, 0.0523705, 0.0565671
-0.605271, 0.0109399, 0.0371384, 0.0589476, 0.0513682, 0.0561193
-0.602079, 0.0377693, 0.0697584, 0.0586892, 0.0509572, 0.0558644
-0.566681, 0.0737757, 0.0912219, 0.0581234, 0.0502329, 0.0550739
-0.563427, 0.101464, 0.103295, 0.0575782, 0.0497043, 0.0546181
-0.54124, 0.129097, 0.116655, 0.0573107, 0.0493262, 0.0544867
-0.519726, 0.147404, 0.135033, 0.0572198, 0.0493689, 0.0548286
-0.497962, 0.172662, 0.139584, 0.0561808, 0.0482629, 0.0542968
-0.479568, 0.179645, 0.15743, 0.0552086, 0.0473623, 0.0537682
-0.453103, 0.188162, 0.163281, 0.0547567, 0.0469873, 0.0536903
-0.435269, 0.196281, 0.151931, 0.054487, 0.046745, 0.0537957
-0.412535, 0.195669, 0.138903, 0.0548199, 0.0471722, 0.0545021
-0.389021, 0.199037, 0.140989, 0.0549698, 0.0472739, 0.0550653
-0.361543, 0.183485, 0.150506, 0.0550775, 0.0474079, 0.0554881
-0.355566, 0.180967, 0.114454, 0.0555924, 0.0479185, 0.056327
-0.329057, 0.16751, 0.14684, 0.0558519, 0.0482017, 0.0567117
-0.303623, 0.157622, 0.121743, 0.0563317, 0.0485322, 0.0573151
-0.293697, 0.144202, 0.129612, 0.0555979, 0.0475615, 0.0566149
-0.26779, 0.132154, 0.115988, 0.055047, 0.04688, 0.0562804
-0.254802, 0.116819, 0.114226, 0.0548227, 0.0466748, 0.0561916
-0.22856, 0.0941067, 0.117713, 0.0546897, 0.0466963, 0.0561935
-0.225384, 0.0805522, 0.115161, 0.0552186, 0.047457, 0.0568308
-0.198918, 0.0594383, 0.116753, 0.0549445, 0.0471738, 0.0567198
-0.178054, 0.0443306, 0.116232, 0.0542502, 0.0462879, 0.056155
-0.172293, 0.0286501, 0.120258, 0.0542393, 0.0464415, 0.0562122
-0.153943, 0.00500538, 0.121411, 0.0546302, 0.0471851, 0.0567653
-0.132818, -0.00752456, 0.126115, 0.0540177, 0.0465679, 0.0563743
-0.125006, -0.0229859, 0.13435, 0.0538179, 0.0463995, 0.0562695
-0.0981354, -0.0386404, 0.131343, 0.0534839, 0.0461576, 0.0560348
